,data,value
0,2016/9/13,1323.65
1,2016/9/14,1321.75
2,2016/9/15,1310.8
3,2016/9/16,1308.35
4,2016/9/19,1314.85
5,2016/9/20,1313.8
6,2016/9/21,1326.1
7,2016/9/22,1339.1
8,2016/9/23,1338.65
9,2016/9/26,1340.5
10,2016/9/27,1327
11,2016/9/28,1322.5
12,2016/9/29,1318.1
13,2016/9/30,1322.5
14,2016/10/3,1313.3
15,2016/10/4,1283.3
16,2016/10/5,1269.4
17,2016/10/6,1254.5
18,2016/10/7,1258.75
19,2016/10/10,1259.5
20,2016/10/11,1253.45
21,2016/10/12,1256.5
22,2016/10/13,1261.05
23,2016/10/14,1251.75
24,2016/10/17,1254.8
25,2016/10/18,1258.2
26,2016/10/19,1269.05
27,2016/10/20,1271.65
28,2016/10/21,1266.05
29,2016/10/24,1265.55
30,2016/10/25,1269.4
31,2016/10/26,1270.5
32,2016/10/27,1266.25
33,2016/10/28,1273
34,2016/10/31,1272
35,2016/11/1,1288.45
36,2016/11/2,1303.75
37,2016/11/3,1301
38,2016/11/4,1302.8
39,2016/11/7,1283.05
40,2016/11/8,1282.35
41,2016/11/9,1281.4
42,2016/11/10,1267.5
43,2016/11/11,1236.45
44,2016/11/14,1213.6
45,2016/11/15,1226.95
46,2016/11/16,1229.2
47,2016/11/17,1226.75
48,2016/11/18,1211
49,2016/11/21,1214.25
50,2016/11/22,1212.25
51,2016/11/23,1185.35
52,2016/11/24,1186.1
53,2016/11/25,1187.7
54,2016/11/28,1187
55,2016/11/29,1186.55
56,2016/11/30,1178.1
57,2016/12/1,1161.85
58,2016/12/2,1173.5
59,2016/12/5,1162.2
60,2016/12/6,1172.5
61,2016/12/7,1177.65
62,2016/12/8,1171.05
63,2016/12/9,1163.6
64,2016/12/12,1156.1
65,2016/12/13,1158.55
66,2016/12/14,1162.25
67,2016/12/15,1126.95
68,2016/12/16,1131.6
69,2016/12/19,1136.25
70,2016/12/20,1125.7
71,2016/12/21,1133.65
72,2016/12/22,1131.35
73,2016/12/23,1131.35
74,2016/12/28,1134.6
75,2016/12/29,1145.9
76,2016/12/30,1145.9
77,2017/1/3,1151
78,2017/1/4,1164.25
79,2017/1/5,1176.7
80,2017/1/6,1175.85
81,2017/1/9,1178.5
82,2017/1/10,1189.5
83,2017/1/11,1178.55
84,2017/1/12,1205.05
85,2017/1/13,1190.35
86,2017/1/16,1203
87,2017/1/17,1216.05
88,2017/1/18,1214.75
89,2017/1/19,1196.05
90,2017/1/20,1200.55
91,2017/1/23,1212.85
92,2017/1/24,1216.8
93,2017/1/25,1195
94,2017/1/26,1189.7
95,2017/1/27,1184.85
96,2017/1/30,1192.8
97,2017/1/31,1212.8
98,2017/2/1,1203.65
99,2017/2/2,1221.95
100,2017/2/3,1215.2
101,2017/2/6,1226.75
102,2017/2/7,1231
103,2017/2/8,1242.1
104,2017/2/9,1236.8
105,2017/2/10,1228.3
106,2017/2/13,1222.25
107,2017/2/14,1230.75
108,2017/2/15,1224.4
109,2017/2/16,1240.55
110,2017/2/17,1241.95
111,2017/2/20,1237.3
112,2017/2/21,1233.2
113,2017/2/22,1236.65
114,2017/2/23,1247.9
115,2017/2/24,1253.65
116,2017/2/27,1257.2
117,2017/2/28,1255.6
118,2017/3/1,1240.4
119,2017/3/2,1238.1
120,2017/3/3,1226.5
121,2017/3/6,1230.95
122,2017/3/7,1216.65
123,2017/3/8,1209.2
124,2017/3/9,1206.55
125,2017/3/10,1202.65
126,2017/3/13,1204.2
127,2017/3/14,1204.6
128,2017/3/15,1198.8
129,2017/3/16,1229.35
130,2017/3/17,1229.6
131,2017/3/20,1232.4
132,2017/3/21,1241.6
133,2017/3/22,1249.05
134,2017/3/23,1247.5
135,2017/3/24,1247.5
136,2017/3/27,1257.55
137,2017/3/28,1257.25
138,2017/3/29,1251.1
139,2017/3/30,1248.8
140,2017/3/31,1244.85
141,2017/4/3,1247.25
142,2017/4/4,1257.65
143,2017/4/5,1245.8
144,2017/4/6,1252.5
145,2017/4/7,1266.45
146,2017/4/10,1250.05
147,2017/4/11,1252.9
148,2017/4/12,1274.3
149,2017/4/13,1284.15
150,2017/4/18,1278.95
151,2017/4/19,1279.05
152,2017/4/20,1282.1
153,2017/4/21,1281.85
154,2017/4/24,1269.4
155,2017/4/25,1267.8
156,2017/4/26,1261.85
157,2017/4/27,1262.8
158,2017/4/28,1266.45
159,2017/5/2,1255.45
160,2017/5/3,1250.3
161,2017/5/4,1228.45
162,2017/5/5,1228.05
163,2017/5/8,1229.8
164,2017/5/9,1220.4
165,2017/5/10,1222.95
166,2017/5/11,1223.15
167,2017/5/12,1231.25
168,2017/5/15,1233.3
169,2017/5/16,1234.2
170,2017/5/17,1257.4
171,2017/5/18,1255.9
172,2017/5/19,1252
173,2017/5/22,1258.85
174,2017/5/23,1260.2
175,2017/5/24,1252.55
176,2017/5/25,1256.95
177,2017/5/26,1265.05
178,2017/5/30,1262.7
179,2017/5/31,1266.2
180,2017/6/1,1264.85
181,2017/6/2,1274.95
182,2017/6/5,1279.95
183,2017/6/6,1293.5
184,2017/6/7,1291
185,2017/6/8,1273.1
186,2017/6/9,1266.55
187,2017/6/12,1266.4
188,2017/6/13,1262
189,2017/6/14,1275.5
190,2017/6/15,1254.55
191,2017/6/16,1255.4
192,2017/6/19,1248.15
193,2017/6/20,1242.2
194,2017/6/21,1242.5
195,2017/6/22,1250.8
196,2017/6/23,1255.7
197,2017/6/26,1245.25
198,2017/6/27,1249.55
199,2017/6/28,1248
200,2017/6/29,1243.5
201,2017/6/30,1242.25
202,2017/7/3,1229.25
203,2017/7/4,1223.75
204,2017/7/5,1220.3
205,2017/7/6,1224.9
206,2017/7/7,1215.65
207,2017/7/10,1211.9
208,2017/7/11,1211.05
209,2017/7/12,1218.8
210,2017/7/13,1218.9
211,2017/7/14,1230.3
212,2017/7/17,1234.1
213,2017/7/18,1240.75
214,2017/7/19,1242.15
215,2017/7/20,1238.7
216,2017/7/21,1248.55
217,2017/7/24,1255.55
218,2017/7/25,1254.4
219,2017/7/26,1248.1
220,2017/7/27,1261.1
221,2017/7/28,1264.9
222,2017/7/31,1267.55
223,2017/8/1,1270.95
224,2017/8/2,1269.6
225,2017/8/3,1268.1
226,2017/8/4,1257.7
227,2017/8/7,1258
228,2017/8/8,1261.8
229,2017/8/9,1271.05
230,2017/8/10,1284.4
231,2017/8/11,1286.1
232,2017/8/14,1282.3
233,2017/8/15,1270.3
234,2017/8/16,1272.75
235,2017/8/17,1285.15
236,2017/8/18,1295.8
237,2017/8/21,1292.9
238,2017/8/22,1284.2
239,2017/8/23,1286.65
240,2017/8/24,1289
241,2017/8/25,1285.3
242,2017/8/29,1318.65
243,2017/8/30,1308.5
244,2017/8/31,1311.75
245,2017/9/1,1320.4
246,2017/9/4,1333.1
247,2017/9/5,1335.55
248,2017/9/6,1337.85
249,2017/9/7,1343.5
250,2017/9/8,1346.25
251,2017/9/11,1334.2
252,2017/9/12,1326.5
253,2017/9/13,1327.55
254,2017/9/14,1324.55
255,2017/9/15,1322.85
256,2017/9/18,1312.1
257,2017/9/19,1309.6
258,2017/9/20,1311.3
259,2017/9/21,1292.1
260,2017/9/22,1294.8
261,2017/9/25,1293.3
262,2017/9/26,1300.05
263,2017/9/27,1282.55
264,2017/9/28,1283.35
265,2017/9/29,1283.1
266,2017/10/2,1273.7
267,2017/10/3,1271.25
268,2017/10/4,1274.25
269,2017/10/5,1274.5
270,2017/10/6,1261.8
271,2017/10/9,1278.75
272,2017/10/10,1291.4
273,2017/10/11,1289.25
274,2017/10/12,1290.25
275,2017/10/13,1299.6
276,2017/10/16,1303.3
277,2017/10/17,1284.75
278,2017/10/18,1280.2
279,2017/10/19,1286.4
280,2017/10/20,1281.2
281,2017/10/23,1274.9
282,2017/10/24,1276.45
283,2017/10/25,1275
284,2017/10/26,1273.75
285,2017/10/27,1266.45
286,2017/10/30,1272
287,2017/10/31,1270.15
288,2017/11/1,1277.05
289,2017/11/2,1279.2
290,2017/11/3,1267.2
291,2017/11/6,1270.9
292,2017/11/7,1275.6
293,2017/11/8,1284
294,2017/11/9,1284.8
295,2017/11/10,1284.3
296,2017/11/13,1277.95
297,2017/11/14,1274.6
298,2017/11/15,1282.2
299,2017/11/16,1280
300,2017/11/17,1284.35
301,2017/11/20,1286.2
302,2017/11/21,1283.3
303,2017/11/22,1286.95
304,2017/11/23,1290.35
305,2017/11/24,1290.5
306,2017/11/27,1294.9
307,2017/11/28,1291.85
308,2017/11/29,1283.85
309,2017/11/30,1280.2
310,2017/12/1,1275.5
311,2017/12/4,1273.45
312,2017/12/5,1266.3
313,2017/12/6,1263.7
314,2017/12/7,1255
315,2017/12/8,1250.65
316,2017/12/11,1247.15
317,2017/12/12,1240.9
318,2017/12/13,1242.65
319,2017/12/14,1251
320,2017/12/15,1254.6
321,2017/12/18,1260.6
322,2017/12/19,1260.35
323,2017/12/20,1264.55
324,2017/12/21,1264.55
325,2017/12/22,1264.55
326,2017/12/27,1279.4
327,2017/12/28,1291
328,2017/12/29,1291
329,2018/1/2,1312.05
330,2018/1/3,1314.9
331,2018/1/4,1314.5
332,2018/1/5,1317.15
333,2018/1/8,1319.95
334,2018/1/9,1311
335,2018/1/10,1319.75
336,2018/1/11,1323.05
337,2018/1/12,1326.8
338,2018/1/15,1339.25
339,2018/1/16,1333.85
340,2018/1/17,1335.65
341,2018/1/18,1332.2
342,2018/1/19,1334.95
343,2018/1/22,1332.6
344,2018/1/23,1333.4
345,2018/1/24,1353.7
346,2018/1/25,1354.95
347,2018/1/26,1353.15
348,2018/1/29,1343.85
349,2018/1/30,1344.9
350,2018/1/31,1345.05
351,2018/2/1,1341.35
352,2018/2/2,1331.15
353,2018/2/5,1333.6
354,2018/2/6,1331.4
355,2018/2/7,1324.65
356,2018/2/8,1315.45
357,2018/2/9,1314.1
358,2018/2/12,1322.3
359,2018/2/13,1325.35
360,2018/2/14,1336.25
361,2018/2/15,1352.45
362,2018/2/16,1352.1
363,2018/2/19,1346.6
364,2018/2/20,1339.85
365,2018/2/21,1330.5
366,2018/2/22,1328.35
367,2018/2/23,1327.95
368,2018/2/26,1333.5
369,2018/2/27,1325.75
370,2018/2/28,1317.85
371,2018/3/1,1307.75
372,2018/3/2,1322.3
373,2018/3/5,1320.4
374,2018/3/6,1331.4
375,2018/3/7,1329.4
376,2018/3/8,1321
377,2018/3/9,1320.6
378,2018/3/12,1319.15
379,2018/3/13,1322.75
380,2018/3/14,1323.55
381,2018/3/15,1318.75
382,2018/3/16,1310.1
383,2018/3/19,1312.4
384,2018/3/20,1311
385,2018/3/21,1321.35
386,2018/3/22,1329.15
387,2018/3/23,1346.6
388,2018/3/26,1352.4
389,2018/3/27,1341.45
390,2018/3/28,1332.45
391,2018/3/29,1323.85
392,2018/4/3,1333.45
393,2018/4/4,1337.3
394,2018/4/5,1327.7
395,2018/4/6,1331.2
396,2018/4/9,1331.95
397,2018/4/10,1338.95
398,2018/4/11,1350.75
399,2018/4/12,1341.35
400,2018/4/13,1343.7
401,2018/4/16,1349.35
402,2018/4/17,1342.1
403,2018/4/18,1351.45
404,2018/4/19,1348.6
405,2018/4/20,1336.75
406,2018/4/23,1324.3
407,2018/4/24,1328.85
408,2018/4/25,1321.65
409,2018/4/26,1320.7
410,2018/4/27,1321.5
411,2018/4/30,1313.2
412,2018/5/1,1307.1
413,2018/5/2,1304.2
414,2018/5/3,1315.05
415,2018/5/4,1309.4
416,2018/5/8,1306.6
417,2018/5/9,1313.85
418,2018/5/10,1318.8
419,2018/5/11,1324.35
420,2018/5/14,1319.85
421,2018/5/15,1295
422,2018/5/16,1291.25
423,2018/5/17,1289.5
424,2018/5/18,1288.3
425,2018/5/21,1288.35
426,2018/5/22,1293.05
427,2018/5/23,1289
428,2018/5/24,1304.85
429,2018/5/25,1303.5
430,2018/5/29,1295.5
431,2018/5/30,1300.7
432,2018/5/31,1305.35
433,2018/6/1,1294.6
434,2018/6/4,1295.45
435,2018/6/5,1292.05
436,2018/6/6,1300.1
437,2018/6/7,1297.25
438,2018/6/8,1298.25
439,2018/6/11,1299.6
440,2018/6/12,1298.65
441,2018/6/13,1296.15
442,2018/6/14,1302.75
443,2018/6/15,1285.25
444,2018/6/18,1281.55
445,2018/6/19,1276.15
446,2018/6/20,1274.2
447,2018/6/21,1266.15
448,2018/6/22,1269.15
449,2018/6/25,1268.7
450,2018/6/26,1260.3
451,2018/6/27,1254.6
452,2018/6/28,1251.55
453,2018/6/29,1250.45
454,2018/7/2,1247.8
455,2018/7/3,1251.75
456,2018/7/4,1255.65
457,2018/7/5,1255.5
458,2018/7/6,1255.35
459,2018/7/9,1262.05
460,2018/7/10,1254
461,2018/7/11,1251.4
462,2018/7/12,1245.9
463,2018/7/13,1241.7
464,2018/7/16,1241.1
465,2018/7/17,1232.8
466,2018/7/18,1224.5
467,2018/7/19,1217.55
468,2018/7/20,1228.75
469,2018/7/23,1224.95
470,2018/7/24,1228.35
471,2018/7/25,1231.5
472,2018/7/26,1228.25
473,2018/7/27,1223.95
474,2018/7/30,1223.8
475,2018/7/31,1220.95
476,2018/8/1,1219
477,2018/8/2,1215.45
478,2018/8/3,1216.3
479,2018/8/6,1209.65
480,2018/8/7,1212.35
481,2018/8/8,1209.55
482,2018/8/9,1214.35
483,2018/8/10,1214.4
484,2018/8/13,1200.35
485,2018/8/14,1197
486,2018/8/15,1182
487,2018/8/16,1180.4
488,2018/8/17,1178.4
489,2018/8/20,1184.35
490,2018/8/21,1190.95
491,2018/8/22,1196.65
492,2018/8/23,1192.35
493,2018/8/24,1197.7
494,2018/8/28,1212.25
495,2018/8/29,1204.2
496,2018/8/30,1197.3
497,2018/8/31,1202.45
498,2018/9/3,1200.05
499,2018/9/4,1190.85
500,2018/9/5,1196.7
501,2018/9/6,1205.15
502,2018/9/7,1198.9
503,2018/9/10,1196.6
504,2018/9/11,1189.85
505,2018/9/12,1195.6
506,2018/9/13,1209.8
507,2018/9/14,1201.95
508,2018/9/17,1201.9
509,2018/9/18,1200.2
510,2018/9/19,1203.3
511,2018/9/20,1208.35
512,2018/9/21,1198.7
513,2018/9/24,1202.75
514,2018/9/25,1201.9
515,2018/9/26,1194.25
516,2018/9/27,1185.4
517,2018/9/28,1187.25
518,2018/10/1,1189.35
519,2018/10/2,1204.7
520,2018/10/3,1201.2
521,2018/10/4,1203.45
522,2018/10/5,1203.8
523,2018/10/8,1186.95
524,2018/10/9,1185.55
525,2018/10/10,1188.6
526,2018/10/11,1205.55
527,2018/10/12,1219.75
528,2018/10/15,1229.95
529,2018/10/16,1230.7
530,2018/10/17,1229.05
531,2018/10/18,1223
532,2018/10/19,1227.85
533,2018/10/22,1222.3
534,2018/10/23,1235.95
535,2018/10/24,1230.55
536,2018/10/25,1230.8
537,2018/10/26,1233.85
538,2018/10/29,1230.8
539,2018/10/30,1225.4
540,2018/10/31,1214.95
541,2018/11/1,1231.15
542,2018/11/2,1232.1
543,2018/11/5,1232.25
544,2018/11/6,1231.6
545,2018/11/7,1229.95
546,2018/11/8,1224.15
547,2018/11/9,1211.4
548,2018/11/12,1205.55
549,2018/11/13,1202.1
550,2018/11/14,1203.25
551,2018/11/15,1211.85
552,2018/11/16,1222.4
553,2018/11/19,1221.6
554,2018/11/20,1223
555,2018/11/21,1226.1
556,2018/11/22,1227.05
557,2018/11/23,1223.65
558,2018/11/26,1223.4
559,2018/11/27,1221.2
560,2018/11/28,1213.25
561,2018/11/29,1226.25
562,2018/11/30,1217.55
563,2018/12/3,1230.3
564,2018/12/4,1240.3
565,2018/12/5,1235.9
566,2018/12/6,1242.55
567,2018/12/7,1243.3
568,2018/12/10,1245.35
569,2018/12/11,1245.3
570,2018/12/12,1245.75
571,2018/12/13,1242.75
572,2018/12/14,1235.35
573,2018/12/17,1241.65
574,2018/12/18,1246.3
575,2018/12/19,1255
576,2018/12/20,1259.75
577,2018/12/21,1258.15
578,2018/12/24,1258.15
579,2018/12/27,1268
580,2018/12/28,1279
581,2018/12/31,1279
582,2019/1/2,1282.9
583,2019/1/3,1290.45
584,2019/1/4,1279.9
585,2019/1/7,1292.2
586,2019/1/8,1286.45
587,2019/1/9,1288.6
588,2019/1/10,1291.9
589,2019/1/11,1288.95
590,2019/1/14,1292.75
591,2019/1/15,1294.4
592,2019/1/16,1292.3
593,2019/1/17,1290.7
594,2019/1/18,1284.2
595,2019/1/21,1279.55
596,2019/1/22,1282.1
597,2019/1/23,1279.8
598,2019/1/24,1283.7
599,2019/1/25,1293.9
600,2019/1/28,1302.15
601,2019/1/29,1307.55
602,2019/1/30,1310.7
603,2019/1/31,1323.25
604,2019/2/1,1318.7
605,2019/2/4,1312.15
606,2019/2/5,1314.2
607,2019/2/6,1312.4
608,2019/2/7,1310
609,2019/2/8,1314.85
610,2019/2/11,1306.4
611,2019/2/12,1310
612,2019/2/13,1312.8
613,2019/2/14,1311.45
614,2019/2/15,1316.55
615,2019/2/18,1325.5
616,2019/2/19,1334.15
617,2019/2/20,1343.75
618,2019/2/21,1331.25
619,2019/2/22,1329.05
620,2019/2/25,1331.05
621,2019/2/26,1325.05
622,2019/2/27,1322.85
623,2019/2/28,1319.15
624,2019/3/1,1311.95
625,2019/3/4,1285.4
626,2019/3/5,1283.8
627,2019/3/6,1285.85
628,2019/3/7,1285.3
629,2019/3/8,1296.75
630,2019/3/11,1292.75
631,2019/3/12,1297.05
632,2019/3/13,1306.95
633,2019/3/14,1295.55
634,2019/3/15,1303.5
635,2019/3/18,1305.6
636,2019/3/19,1307.7
637,2019/3/20,1303.7
638,2019/3/21,1309.6
639,2019/3/22,1311.3
640,2019/3/25,1319.55
641,2019/3/26,1316.3
642,2019/3/27,1309.7
643,2019/3/28,1295.15
644,2019/3/29,1295.4
645,2019/4/1,1293.5
646,2019/4/2,1290.3
647,2019/4/3,1290.45
648,2019/4/4,1283.15
649,2019/4/5,1288.45
650,2019/4/8,1300
651,2019/4/9,1303
652,2019/4/10,1305.45
653,2019/4/11,1298.8
654,2019/4/12,1294.3
655,2019/4/15,1285.65
656,2019/4/16,1276.35
657,2019/4/17,1275.85
658,2019/4/18,1275.7
659,2019/4/23,1269.5
660,2019/4/24,1271.65
661,2019/4/25,1280.8
662,2019/4/26,1284.2
663,2019/4/29,1279.5
664,2019/4/30,1282.3
665,2019/5/1,1283.8
666,2019/5/2,1270.95
667,2019/5/3,1278.55
668,2019/5/7,1281.2
669,2019/5/8,1285.2
670,2019/5/9,1286.1
671,2019/5/10,1287.1
672,2019/5/13,1295.6
673,2019/5/14,1298.4
674,2019/5/15,1299.1
675,2019/5/16,1291.7
676,2019/5/17,1280.8
677,2019/5/20,1276.85
678,2019/5/21,1271.15
679,2019/5/22,1273.8
680,2019/5/23,1283.65
681,2019/5/24,1282.5
682,2019/5/28,1278.3
683,2019/5/29,1281.65
684,2019/5/30,1280.95
685,2019/5/31,1295.55
686,2019/6/3,1317.1
687,2019/6/4,1324.25
688,2019/6/5,1335.05
689,2019/6/6,1335.5
690,2019/6/7,1340.65
691,2019/6/10,1328.6
692,2019/6/11,1324.3
693,2019/6/12,1332.35
694,2019/6/13,1335.9
695,2019/6/14,1351.25
696,2019/6/17,1341.3
697,2019/6/18,1341.35
698,2019/6/19,1344.05
699,2019/6/20,1379.5
700,2019/6/21,1397.15
701,2019/6/24,1405.7
702,2019/6/25,1431.4
703,2019/6/26,1403.95
704,2019/6/27,1402.5
705,2019/6/28,1409
706,2019/7/1,1390.1
707,2019/7/2,1391.05
708,2019/7/3,1413.5
709,2019/7/4,1414.9
710,2019/7/5,1388.65
711,2019/7/8,1400.1
712,2019/7/9,1391.55
713,2019/7/10,1408.3
714,2019/7/11,1413.75
715,2019/7/12,1407.6
716,2019/7/15,1412.4
717,2019/7/16,1409.85
718,2019/7/17,1410.35
719,2019/7/18,1417.45
720,2019/7/19,1439.7
721,2019/7/22,1427.75
722,2019/7/23,1425.55
723,2019/7/24,1426.95
724,2019/7/25,1416.1
725,2019/7/26,1420.4
726,2019/7/29,1419.05
727,2019/7/30,1425.9
728,2019/7/31,1427.55
729,2019/8/1,1406.8
730,2019/8/2,1441.75
731,2019/8/5,1465.25
732,2019/8/6,1465.25
733,2019/8/7,1506.05
734,2019/8/8,1495.75
735,2019/8/9,1497.7
736,2019/8/12,1504.7
737,2019/8/13,1498.4
738,2019/8/14,1513.25
739,2019/8/15,1515.65
740,2019/8/16,1515.25
741,2019/8/19,1496.6
742,2019/8/20,1504.55
743,2019/8/21,1503.25
744,2019/8/22,1502.05
745,2019/8/23,1503.8
746,2019/8/27,1532.95
747,2019/8/28,1537.15
748,2019/8/29,1540.2
749,2019/8/30,1528.4
750,2019/9/2,1525.95
751,2019/9/3,1537.85
752,2019/9/4,1546.1
753,2019/9/5,1529.1
754,2019/9/6,1523.7
755,2019/9/9,1509.2
756,2019/9/10,1498.25
757,2019/9/11,1490.65
758,2019/9/12,1515.2
759,2019/9/13,1503.1
760,2019/9/16,1497.2
761,2019/9/17,1502.1
762,2019/9/18,1503.5
763,2019/9/19,1500.7
764,2019/9/20,1501.9
765,2019/9/23,1522.1
766,2019/9/24,1520.65
767,2019/9/25,1528.75
768,2019/9/26,1506.4
769,2019/9/27,1489.9
770,2019/9/30,1485.3
771,2019/10/1,1473.45
772,2019/10/2,1492.6
773,2019/10/3,1517.1
774,2019/10/4,1499.15
775,2019/10/7,1501.25
776,2019/10/8,1505.85
777,2019/10/9,1507.25
778,2019/10/10,1494.8
779,2019/10/11,1479.15
780,2019/10/14,1490.6
781,2019/10/15,1487.8
782,2019/10/16,1485.1
783,2019/10/17,1492.65
784,2019/10/18,1490
785,2019/10/21,1491.65
786,2019/10/22,1485.35
787,2019/10/23,1494.45
788,2019/10/24,1496.55
789,2019/10/25,1513.45
790,2019/10/28,1492.4
791,2019/10/29,1486.75
792,2019/10/30,1492.1
793,2019/10/31,1510.95
794,2019/11/1,1508.8
795,2019/11/4,1509.45
796,2019/11/5,1488.95
797,2019/11/6,1486.05
798,2019/11/7,1484.25
799,2019/11/8,1464.15
800,2019/11/11,1458.7
801,2019/11/12,1452.05
802,2019/11/13,1462.9
803,2019/11/14,1466.65
804,2019/11/15,1466.9
805,2019/11/18,1467.65
806,2019/11/19,1468.45
807,2019/11/20,1471.7
808,2019/11/21,1467.05
809,2019/11/22,1464.45
810,2019/11/25,1458.4
811,2019/11/26,1454.65
812,2019/11/27,1454.35
813,2019/11/28,1454.65
814,2019/11/29,1460.15
815,2019/12/2,1461.15
816,2019/12/3,1477.3
817,2019/12/4,1475.1
818,2019/12/5,1475.95
819,2019/12/6,1459.65
820,2019/12/9,1461.7
821,2019/12/10,1464.95
822,2019/12/11,1466.8
823,2019/12/12,1467.8
824,2019/12/13,1466.6
825,2019/12/16,1477.9
826,2019/12/17,1475.8
827,2019/12/18,1474.05
828,2019/12/19,1476.7
829,2019/12/20,1479
830,2019/12/23,1482.1
831,2019/12/24,
832,2019/12/27,1511.5
833,2019/12/30,1514.75
834,2019/12/31,
835,2020/1/2,1527.1
836,2020/1/3,1548.75
837,2020/1/6,1573.1
838,2020/1/7,1567.85
839,2020/1/8,1571.95
840,2020/1/9,1550.75
841,2020/1/10,1553.6
842,2020/1/13,1549.9
843,2020/1/14,1545.1
844,2020/1/15,1549
845,2020/1/16,1554.55
846,2020/1/17,1557.6
847,2020/1/20,1560.15
848,2020/1/21,1551.3
849,2020/1/22,1556.9
850,2020/1/23,1562.9
851,2020/1/24,1564.3
852,2020/1/27,1580.1
853,2020/1/28,1574
854,2020/1/29,1573.45
855,2020/1/30,1578.25
856,2020/1/31,1584.2
857,2020/2/3,1574.75
858,2020/2/4,1558.35
859,2020/2/5,1553.3
860,2020/2/6,1563.3
861,2020/2/7,1572.65
862,2020/2/10,1573.2
863,2020/2/11,1570.5
864,2020/2/12,1563.7
865,2020/2/13,1575.05
866,2020/2/14,1581.4
867,2020/2/17,1580.8
868,2020/2/18,1589.85
869,2020/2/19,1604.2
870,2020/2/20,1619
871,2020/2/21,1643.3
872,2020/2/24,1671.65
873,2020/2/25,1650.3
874,2020/2/26,1634.9
875,2020/2/27,1652
876,2020/2/28,1609.85
877,2020/3/2,1599.65
878,2020/3/3,1615.5
879,2020/3/4,1641.85
880,2020/3/5,1659.6
881,2020/3/6,1683.65
882,2020/3/9,1672.5
883,2020/3/10,1655.7
884,2020/3/11,1653.75
885,2020/3/12,1570.7
886,2020/3/13,1562.8
887,2020/3/16,1487.7
888,2020/3/17,1536.2
889,2020/3/18,1498.2
890,2020/3/19,1474.25
891,2020/3/20,1494.4
892,2020/3/23,1525.4
893,2020/3/24,1605.75
894,2020/3/25,1605.45
895,2020/3/26,1634.8
896,2020/3/27,1617.3
897,2020/3/30,1618.3
898,2020/3/31,1608.95
899,2020/4/1,1576.55
900,2020/4/2,1616.8
901,2020/4/3,1613.1
902,2020/4/6,1648.3
903,2020/4/7,1649.25
904,2020/4/8,1647.8
905,2020/4/9,1680.65
906,2020/4/14,1741.9
907,2020/4/15,1718.65
908,2020/4/16,1729.5
909,2020/4/17,1692.55
910,2020/4/20,1686.2
911,2020/4/21,1682.05
912,2020/4/22,1710.55
913,2020/4/23,1736.25
914,2020/4/24,1715.9
915,2020/4/27,1714.95
916,2020/4/28,1691.55
917,2020/4/29,1703.35
918,2020/4/30,1702.75
919,2020/5/1,1686.25
920,2020/5/4,1709.1
921,2020/5/5,1699.55
922,2020/5/6,1691.5
923,2020/5/7,1704.05
924,2020/5/11,1702.75
925,2020/5/12,1702.4
926,2020/5/13,1708.4
927,2020/5/14,1731.6
928,2020/5/15,1735.35
929,2020/5/18,1734.7
930,2020/5/19,1737.95
931,2020/5/20,1748.3
932,2020/5/21,1724.9
933,2020/5/22,1733.55
934,2020/5/26,1720.25
935,2020/5/27,1694.6
936,2020/5/28,1717.35
937,2020/5/29,1728.7
938,2020/6/1,1730.6
939,2020/6/2,1742.15
940,2020/6/3,1705.35
941,2020/6/4,1700.05
942,2020/6/5,1683.45
943,2020/6/8,1690.35
944,2020/6/9,1713.5
945,2020/6/10,1722.05
946,2020/6/11,1738.25
947,2020/6/12,1733.5
948,2020/6/15,1710.45
949,2020/6/16,1719.85
950,2020/6/17,1724.35
951,2020/6/18,1719.5
952,2020/6/19,1734.75
953,2020/6/22,1761.85
954,2020/6/23,1768.9
955,2020/6/24,1766.05
956,2020/6/25,1756.55
957,2020/6/26,1747.6
958,2020/6/29,1771.6
959,2020/6/30,1768.1
960,2020/7/1,1771.05
961,2020/7/2,1777.45
962,2020/7/3,1772.9
963,2020/7/6,1787.9
964,2020/7/7,1789.55
965,2020/7/8,1811.1
966,2020/7/9,1812.1
967,2020/7/10,1803.1
968,2020/7/13,1807.5
969,2020/7/14,1801.9
970,2020/7/15,1804.6
971,2020/7/16,1807.7
972,2020/7/17,1807.35
973,2020/7/20,1815.65
974,2020/7/21,1842.55
975,2020/7/22,1852.4
976,2020/7/23,1878.3
977,2020/7/24,1902.1
978,2020/7/27,1936.65
979,2020/7/28,1940.9
980,2020/7/29,1950.9
981,2020/7/30,1957.65
982,2020/7/31,1964.9
983,2020/8/3,1958.55
984,2020/8/4,1977.9
985,2020/8/5,2048.15
986,2020/8/6,2067.15
987,2020/8/7,2031.15
988,2020/8/10,2044.5
989,2020/8/11,1939.65
990,2020/8/12,1931.9
991,2020/8/13,1944.25
992,2020/8/14,1944.75
993,2020/8/17,1972.85
994,2020/8/18,2008.75
995,2020/8/19,1981
996,2020/8/20,1927.15
997,2020/8/21,1924.35
998,2020/8/24,1943.95
999,2020/8/25,1911.15
1000,2020/8/26,1932.95
1001,2020/8/27,1923.85
1002,2020/8/28,1957.35
1003,2020/9/1,1972.35
1004,2020/9/2,1947.05
1005,2020/9/3,1940.45
1006,2020/9/4,1926.3
1007,2020/9/7,1928.45
1008,2020/9/8,1910.95
1009,2020/9/9,1947.2
1010,2020/9/10,1966.25
1011,2020/9/11,1947.4
1012,2020/9/14,1958.7
1013,2020/9/15,1949.35
1014,2020/9/16,1961.8
1015,2020/9/17,1936.25
1016,2020/9/18,1950.85
1017,2020/9/21,1909.35
1018,2020/9/22,1906
1019,2020/9/23,1873.4
1020,2020/9/24,1861.75
1021,2020/9/25,1859.7
1022,2020/9/28,1864.3
1023,2020/9/29,1883.95
1024,2020/9/30,1886.9
1025,2020/10/1,1902
1026,2020/10/2,1903.05
1027,2020/10/5,1909.6
1028,2020/10/6,1913.4
1029,2020/10/7,1884.5
1030,2020/10/8,1887.45
1031,2020/10/9,1923.25
1032,2020/10/12,1925.5
1033,2020/10/13,1891.3
1034,2020/10/14,1910.05
1035,2020/10/15,1891.9
1036,2020/10/16,1905.05
1037,2020/10/19,1905.6
1038,2020/10/20,1898.4
1039,2020/10/21,1924.15
1040,2020/10/22,1900.95
1041,2020/10/23,1903.65
1042,2020/10/26,1898.45
1043,2020/10/27,1905.7
1044,2020/10/28,1869.95
1045,2020/10/29,1870.3
1046,2020/10/30,1881.85
1047,2020/11/2,1889.9
1048,2020/11/3,1908.3
1049,2020/11/4,1900.15
1050,2020/11/5,1938.45
1051,2020/11/6,1940.8
1052,2020/11/9,1867.3
1053,2020/11/10,1878.7
1054,2020/11/11,1860.95
1055,2020/11/12,1874.85
1056,2020/11/13,1890.9
1057,2020/11/16,1885.6
1058,2020/11/17,1889.05
1059,2020/11/18,1876.1
1060,2020/11/19,1857.35
1061,2020/11/20,1875.7
1062,2020/11/23,1840.2
1063,2020/11/24,1799.6
1064,2020/11/25,1810.2
1065,2020/11/26,1807.4
1066,2020/11/27,1779.3
1067,2020/11/30,1762.55
1068,2020/12/1,1810.75
1069,2020/12/2,1822.6
1070,2020/12/3,1832.35
1071,2020/12/4,1843
1072,2020/12/7,1859.95
1073,2020/12/8,1868.15
1074,2020/12/9,1841.75
1075,2020/12/10,1844.35
1076,2020/12/11,1842
1077,2020/12/14,1831.15
1078,2020/12/15,1850.65
1079,2020/12/16,1851.95
1080,2020/12/17,1890.75
1081,2020/12/18,1879.75
1082,2020/12/21,1880
1083,2020/12/22,1877.1
1084,2020/12/23,1875
1085,2020/12/24,1875
1086,2020/12/29,1874.3
1087,2020/12/30,1887.6
1088,2020/12/31,1887.6
1089,2021/1/4,1943.2
1090,2021/1/5,1940.35
1091,2021/1/6,1931.95
1092,2021/1/7,1920.1
1093,2021/1/8,1862.9
1094,2021/1/11,1847.25
1095,2021/1/12,1841.25
1096,2021/1/13,1858.85
1097,2021/1/14,1841.75
1098,2021/1/15,1839
1099,2021/1/18,1833.05
1100,2021/1/19,1834.7
1101,2021/1/20,1856.6
1102,2021/1/21,1862.1
1103,2021/1/22,1852.7
1104,2021/1/25,1856.85
1105,2021/1/26,1856.6
1106,2021/1/27,1843
1107,2021/1/28,1853.7
1108,2021/1/29,1863.8
1109,2021/2/1,1862.95
1110,2021/2/2,1833.1
1111,2021/2/3,1835.45
1112,2021/2/4,1785.9
1113,2021/2/5,1802.95
1114,2021/2/8,1835.25
1115,2021/2/9,1839.6
1116,2021/2/10,1842.65
1117,2021/2/11,1840.1
1118,2021/2/12,1816.35
1119,2021/2/15,1817.3
1120,2021/2/16,1794.25
1121,2021/2/17,1780.7
1122,2021/2/18,1773.15
1123,2021/2/19,1786.2
1124,2021/2/22,1807.45
1125,2021/2/23,1799.65
1126,2021/2/24,1788
1127,2021/2/25,1779.65
1128,2021/2/26,1742.85
1129,2021/3/1,1734.15
1130,2021/3/2,1723.85
1131,2021/3/3,1711.4
1132,2021/3/4,1712.1
1133,2021/3/5,1696.25
1134,2021/3/8,1687.05
1135,2021/3/9,1716.9
1136,2021/3/10,1716.2
1137,2021/3/11,1724.25
1138,2021/3/12,1704.8
1139,2021/3/15,1723.65
1140,2021/3/16,1735
1141,2021/3/17,1729.65
1142,2021/3/18,1725.9
1143,2021/3/19,1735.2
1144,2021/3/22,1736.15
1145,2021/3/23,1726.2
1146,2021/3/24,1730.5
1147,2021/3/25,1737.3
1148,2021/3/26,1731.8
1149,2021/3/29,1705.95
1150,2021/3/30,1683.95
1151,2021/3/31,1691.05
1152,2021/4/1,1726.05
1153,2021/4/6,1744.65
1154,2021/4/7,1738.05
1155,2021/4/8,1755.5
1156,2021/4/9,1741.2
1157,2021/4/12,1732.85
1158,2021/4/13,1747.95
1159,2021/4/14,1735.55
1160,2021/4/15,1757.2
1161,2021/4/16,1774.45
1162,2021/4/19,1774.5
1163,2021/4/20,1777.85
1164,2021/4/21,1798.2
1165,2021/4/22,1787.75
1166,2021/4/23,1781.8
1167,2021/4/26,1773.35
1168,2021/4/27,1784.15
1169,2021/4/28,1772.2
1170,2021/4/29,1762.65
1171,2021/4/30,1767.65
1172,2021/5/4,1797.75
1173,2021/5/5,1782.25
1174,2021/5/6,1813.15
1175,2021/5/7,1836.55
1176,2021/5/10,1840.45
1177,2021/5/11,1829.1
1178,2021/5/12,1830.7
1179,2021/5/13,1821.8
1180,2021/5/14,1838.1
1181,2021/5/17,1853.7
1182,2021/5/18,1866.75
1183,2021/5/19,1888.45
1184,2021/5/20,1878.3
1185,2021/5/21,1875.9
1186,2021/5/24,1880.15
1187,2021/5/25,1887
1188,2021/5/26,1899.75
1189,2021/5/27,1891.45
1190,2021/5/28,1899.95
1191,2021/6/1,1899.35
1192,2021/6/2,1902.75
1193,2021/6/3,1866.55
1194,2021/6/4,1890.6
1195,2021/6/7,1888.4
1196,2021/6/8,1893.15
1197,2021/6/9,1894.6
1198,2021/6/10,1888.65
1199,2021/6/11,1881.05
1200,2021/6/14,1865.6
1201,2021/6/15,1865.1
1202,2021/6/16,1860.75
1203,2021/6/17,1778.7
1204,2021/6/18,1773.1
1205,2021/6/21,1775.05
1206,2021/6/22,1775.05
1207,2021/6/23,1791.6
1208,2021/6/24,1784.85
1209,2021/6/25,1786.65
1210,2021/6/28,1780.3
1211,2021/6/29,1755.45
1212,2021/6/30,1763.15
1213,2021/7/1,1781.5
1214,2021/7/2,1786.15
1215,2021/7/5,1791.35
1216,2021/7/6,1809.85
1217,2021/7/7,1804.65
1218,2021/7/8,1807.7
1219,2021/7/9,1806
1220,2021/7/12,1792.4
1221,2021/7/13,1813.85
1222,2021/7/14,1823.2
1223,2021/7/15,1823.75
1224,2021/7/16,1824.3
1225,2021/7/19,1814.9
1226,2021/7/20,1823.05
1227,2021/7/21,1802.15
1228,2021/7/22,1799.45
1229,2021/7/23,1799.6
1230,2021/7/26,1800.2
1231,2021/7/27,1800.35
1232,2021/7/28,1796.6
1233,2021/7/29,1829.3
1234,2021/7/30,1825.75
1235,2021/8/2,1811.45
1236,2021/8/3,1812.65
1237,2021/8/4,1829.1
1238,2021/8/5,1800.75
1239,2021/8/6,1762.9
1240,2021/8/9,1738.85
1241,2021/8/10,1723.35
1242,2021/8/11,1743.6
1243,2021/8/12,1747.4
1244,2021/8/13,1773.85
1245,2021/8/16,1786.35
1246,2021/8/17,1789.45
1247,2021/8/18,1783.45
1248,2021/8/19,1782.05
1249,2021/8/20,1779.05
1250,2021/8/23,1802
1251,2021/8/24,1808.45
1252,2021/8/25,1788.7
1253,2021/8/26,1786.6
1254,2021/8/27,1798.5
1255,2021/8/31,1814.85
1256,2021/9/1,1811.8
1257,2021/9/2,1812.55
1258,2021/9/3,1823.7
1259,2021/9/6,1821.6
1260,2021/9/7,1802.15
1261,2021/9/8,1786
1262,2021/9/9,1788.25
1263,2021/9/10,1794.6
