date,val
2016-09-12 00:00:00,609.67
2016-09-13 00:00:00,610.92
2016-09-14 00:00:00,608.82
2016-09-15 00:00:00,610.38
2016-09-16 00:00:00,609.11
2016-09-17 00:00:00,607.04
2016-09-18 00:00:00,611.58
2016-09-19 00:00:00,610.19
2016-09-20 00:00:00,608.66
2016-09-21 00:00:00,598.88
2016-09-22 00:00:00,597.42
2016-09-23 00:00:00,594.08
2016-09-24 00:00:00,603.88
2016-09-25 00:00:00,601.74
2016-09-26 00:00:00,598.98
2016-09-27 00:00:00,605.96
2016-09-28 00:00:00,605.67
2016-09-29 00:00:00,603.85
2016-09-30 00:00:00,609.39
2016-10-01 00:00:00,614.82
2016-10-02 00:00:00,612.98
2016-10-03 00:00:00,611.85
2016-10-04 00:00:00,609.62
2016-10-05 00:00:00,607.18
2016-10-06 00:00:00,612.08
2016-10-07 00:00:00,617.21
2016-10-08 00:00:00,614.74
2016-10-09 00:00:00,615.65
2016-10-10 00:00:00,617.54
2016-10-11 00:00:00,614.77
2016-10-12 00:00:00,635.01
2016-10-13 00:00:00,635.96
2016-10-14 00:00:00,634.02
2016-10-15 00:00:00,637.94
2016-10-16 00:00:00,641.42
2016-10-17 00:00:00,638.97
2016-10-18 00:00:00,636.29
2016-10-19 00:00:00,629.25
2016-10-20 00:00:00,627.72
2016-10-21 00:00:00,631.92
2016-10-22 00:00:00,655.48
2016-10-23 00:00:00,653.25
2016-10-24 00:00:00,651.39
2016-10-25 00:00:00,655.31
2016-10-26 00:00:00,651.45
2016-10-27 00:00:00,682.22
2016-10-28 00:00:00,687.68
2016-10-29 00:00:00,685.91
2016-10-30 00:00:00,698.0
2016-10-31 00:00:00,702.0
2016-11-01 00:00:00,697.01
2016-11-02 00:00:00,733.33
2016-11-03 00:00:00,686.17
2016-11-04 00:00:00,683.69
2016-11-05 00:00:00,704.79
2016-11-06 00:00:00,712.0
2016-11-07 00:00:00,709.96
2016-11-08 00:00:00,708.97
2016-11-09 00:00:00,720.93
2016-11-10 00:00:00,721.5
2016-11-11 00:00:00,715.45
2016-11-12 00:00:00,703.71
2016-11-13 00:00:00,702.28
2016-11-14 00:00:00,706.46
2016-11-15 00:00:00,710.91
2016-11-16 00:00:00,711.73
2016-11-17 00:00:00,736.96
2016-11-18 00:00:00,747.52
2016-11-19 00:00:00,748.98
2016-11-20 00:00:00,729.06
2016-11-21 00:00:00,738.53
2016-11-22 00:00:00,736.97
2016-11-23 00:00:00,741.63
2016-11-24 00:00:00,737.45
2016-11-25 00:00:00,735.64
2016-11-26 00:00:00,733.67
2016-11-27 00:00:00,727.96
2016-11-28 00:00:00,727.31
2016-11-29 00:00:00,732.71
2016-11-30 00:00:00,742.69
2016-12-01 00:00:00,742.05
2016-12-02 00:00:00,772.43
2016-12-03 00:00:00,764.33
2016-12-04 00:00:00,762.97
2016-12-05 00:00:00,754.63
2016-12-06 00:00:00,756.62
2016-12-07 00:00:00,758.99
2016-12-08 00:00:00,769.72
2016-12-09 00:00:00,770.02
2016-12-10 00:00:00,769.08
2016-12-11 00:00:00,777.0
2016-12-12 00:00:00,777.0
2016-12-13 00:00:00,777.99
2016-12-14 00:00:00,774.89
2016-12-15 00:00:00,776.75
2016-12-16 00:00:00,775.88
2016-12-17 00:00:00,788.7
2016-12-18 00:00:00,788.4
2016-12-19 00:00:00,788.67
2016-12-20 00:00:00,793.09
2016-12-21 00:00:00,824.21
2016-12-22 00:00:00,834.97
2016-12-23 00:00:00,901.31
2016-12-24 00:00:00,891.61
2016-12-25 00:00:00,892.6
2016-12-26 00:00:00,897.33
2016-12-27 00:00:00,930.37
2016-12-28 00:00:00,930.34
2016-12-29 00:00:00,963.38
2016-12-30 00:00:00,952.15
2016-12-31 00:00:00,958.12
2017-01-01 00:00:00,997.72
2017-01-02 00:00:00,1015.97
2017-01-03 00:00:00,1013.42
2017-01-04 00:00:00,1126.76
2017-01-05 00:00:00,994.67
2017-01-06 00:00:00,999.65
2017-01-07 00:00:00,896.83
2017-01-08 00:00:00,908.14
2017-01-09 00:00:00,910.49
2017-01-10 00:00:00,906.05
2017-01-11 00:00:00,785.22
2017-01-12 00:00:00,780.92
2017-01-13 00:00:00,826.29
2017-01-14 00:00:00,817.91
2017-01-15 00:00:00,819.55
2017-01-16 00:00:00,830.5
2017-01-17 00:00:00,903.84
2017-01-18 00:00:00,906.6
2017-01-19 00:00:00,895.798875
2017-01-20 00:00:00,893.6210875
2017-01-21 00:00:00,895.64
2017-01-22 00:00:00,918.603625
2017-01-23 00:00:00,922.0736125
2017-01-24 00:00:00,919.97
2017-01-25 00:00:00,893.045625
2017-01-26 00:00:00,915.95625
2017-01-27 00:00:00,915.05
2017-01-28 00:00:00,920.31225
2017-01-29 00:00:00,915.933
2017-01-30 00:00:00,912.19
2017-01-31 00:00:00,964.706075
2017-02-01 00:00:00,979.703875
2017-02-02 00:00:00,983.42
2017-02-03 00:00:00,1013.027
2017-02-04 00:00:00,1030.999413
2017-02-05 00:00:00,1034.07
2017-02-06 00:00:00,1024.01375
2017-02-07 00:00:00,1050.11
2017-02-08 00:00:00,1052.84
2017-02-09 00:00:00,976.103
2017-02-10 00:00:00,999.1035
2017-02-11 00:00:00,997.59
2017-02-12 00:00:00,1000.604625
2017-02-13 00:00:00,999.877375
2017-02-14 00:00:00,1001.2
2017-02-15 00:00:00,1012.325988
2017-02-16 00:00:00,1035.208125
2017-02-17 00:00:00,1035.2
2017-02-18 00:00:00,1056.637138
2017-02-19 00:00:00,1052.779286
2017-02-20 00:00:00,1050.87
2017-02-21 00:00:00,1123.788429
2017-02-22 00:00:00,1123.223188
2017-02-23 00:00:00,1130.01
2017-02-24 00:00:00,1174.86625
2017-02-25 00:00:00,1150.605714
2017-02-26 00:00:00,1150.37
2017-02-27 00:00:00,1190.75195
2017-02-28 00:00:00,1187.565286
2017-03-01 00:00:00,1190.89
2017-03-02 00:00:00,1259.410817
2017-03-03 00:00:00,1285.14
2017-03-04 00:00:00,1287.0
2017-03-05 00:00:00,1270.9333
2017-03-06 00:00:00,1275.197375
2017-03-07 00:00:00,1279.5
2017-03-08 00:00:00,1157.3933
2017-03-09 00:00:00,1192.469143
2017-03-10 00:00:00,1192.09
2017-03-11 00:00:00,1179.159875
2017-03-12 00:00:00,1227.494625
2017-03-13 00:00:00,1227.68
2017-03-14 00:00:00,1245.370786
2017-03-15 00:00:00,1257.399625
2017-03-16 00:00:00,1257.0
2017-03-17 00:00:00,1091.171888
2017-03-18 00:00:00,952.2323625
2017-03-19 00:00:00,967.69
2017-03-20 00:00:00,1049.084488
2017-03-21 00:00:00,1118.630043
2017-03-22 00:00:00,1113.0
2017-03-23 00:00:00,1038.789
2017-03-24 00:00:00,941.9197143
2017-03-25 00:00:00,927.93
2017-03-26 00:00:00,956.7863125
2017-03-27 00:00:00,1037.22925
2017-03-28 00:00:00,1041.04
2017-03-29 00:00:00,1040.5755
2017-03-30 00:00:00,1037.90455
2017-03-31 00:00:00,1034.74
2017-04-01 00:00:00,1086.929571
2017-04-02 00:00:00,1099.169125
2017-04-03 00:00:00,1079.99
2017-04-04 00:00:00,1141.600363
2017-04-05 00:00:00,1133.079314
2017-04-06 00:00:00,1133.53
2017-04-07 00:00:00,1190.45425
2017-04-08 00:00:00,1181.149838
2017-04-09 00:00:00,1184.03
2017-04-10 00:00:00,1207.744875
2017-04-11 00:00:00,1226.617038
2017-04-12 00:00:00,1219.09
2017-04-13 00:00:00,1180.023713
2017-04-14 00:00:00,1185.260057
2017-04-15 00:00:00,1170.36
2017-04-16 00:00:00,1186.927413
2017-04-17 00:00:00,1205.634875
2017-04-18 00:00:00,1176.97
2017-04-19 00:00:00,1217.930088
2017-04-20 00:00:00,1241.686325
2017-04-21 00:00:00,1236.63
2017-04-22 00:00:00,1261.311225
2017-04-23 00:00:00,1257.988113
2017-04-24 00:00:00,1240.84
2017-04-25 00:00:00,1279.414688
2017-04-26 00:00:00,1309.109875
2017-04-27 00:00:00,1288.02
2017-04-28 00:00:00,1331.294429
2017-04-29 00:00:00,1334.979038
2017-04-30 00:00:00,1333.0
2017-05-01 00:00:00,1417.172813
2017-05-02 00:00:00,1452.076288
2017-05-03 00:00:00,1447.55
2017-05-04 00:00:00,1508.292125
2017-05-05 00:00:00,1533.335071
2017-05-06 00:00:00,1518.75
2017-05-07 00:00:00,1535.868429
2017-05-08 00:00:00,1640.619225
2017-05-09 00:00:00,1651.1
2017-05-10 00:00:00,1762.88625
2017-05-11 00:00:00,1820.990563
2017-05-12 00:00:00,1829.0
2017-05-13 00:00:00,1771.920013
2017-05-14 00:00:00,1776.3165
2017-05-15 00:00:00,1780.0
2017-05-16 00:00:00,1739.031975
2017-05-17 00:00:00,1807.485063
2017-05-18 00:00:00,1783.98
2017-05-19 00:00:00,1961.520488
2017-05-20 00:00:00,2052.909788
2017-05-21 00:00:00,2008.84
2017-05-22 00:00:00,2090.662313
2017-05-23 00:00:00,2287.710288
2017-05-24 00:00:00,2256.32
2017-05-25 00:00:00,2387.206286
2017-05-26 00:00:00,2211.976857
2017-05-27 00:00:00,2279.82
2017-05-28 00:00:00,2192.9808
2017-05-29 00:00:00,2275.9307
2017-05-30 00:00:00,2290.02
2017-05-31 00:00:00,2285.933914
2017-06-01 00:00:00,2399.242671
2017-06-02 00:00:00,2409.93
2017-06-03 00:00:00,2525.765158
2017-06-04 00:00:00,2516.173143
2017-06-05 00:00:00,2529.53
2017-06-06 00:00:00,2883.313697
2017-06-07 00:00:00,2664.920863
2017-06-08 00:00:00,2683.03
2017-06-09 00:00:00,2827.4913
2017-06-10 00:00:00,2845.372857
2017-06-11 00:00:00,2898.63
2017-06-12 00:00:00,2657.675063
2017-06-13 00:00:00,2748.185086
2017-06-14 00:00:00,2706.0
2017-06-15 00:00:00,2442.48025
2017-06-16 00:00:00,2464.959814
2017-06-17 00:00:00,2477.94
2017-06-18 00:00:00,2507.389252
2017-06-19 00:00:00,2617.210263
2017-06-20 00:00:00,2600.0
2017-06-21 00:00:00,2671.04325
2017-06-22 00:00:00,2727.288013
2017-06-23 00:00:00,2713.48
2017-06-24 00:00:00,2589.164888
2017-06-25 00:00:00,2512.366286
2017-06-26 00:00:00,2502.03
2017-06-27 00:00:00,2517.903114
2017-06-28 00:00:00,2585.349186
2017-06-29 00:00:00,2558.3
2017-06-30 00:00:00,2477.641375
2017-07-01 00:00:00,2501.191343
2017-07-02 00:00:00,2421.26
2017-07-03 00:00:00,2561.225429
2017-07-04 00:00:00,2599.729838
2017-07-05 00:00:00,2598.89
2017-07-06 00:00:00,2609.96775
2017-07-07 00:00:00,2491.201214
2017-07-08 00:00:00,2502.86
2017-07-09 00:00:00,2536.238938
2017-07-10 00:00:00,2366.170143
2017-07-11 00:00:00,2327.09
2017-07-12 00:00:00,2385.748571
2017-07-13 00:00:00,2354.783417
2017-07-14 00:00:00,2338.49
2017-07-15 00:00:00,2058.9956
2017-07-16 00:00:00,1931.2143
2017-07-17 00:00:00,1910.96
2017-07-18 00:00:00,2320.12225
2017-07-19 00:00:00,2264.7657
2017-07-20 00:00:00,2265.21
2017-07-21 00:00:00,2682.195363
2017-07-22 00:00:00,2807.609857
2017-07-23 00:00:00,2825.51
2017-07-24 00:00:00,2751.821029
2017-07-25 00:00:00,2560.997917
2017-07-26 00:00:00,2564.3
2017-07-27 00:00:00,2647.625
2017-07-28 00:00:00,2781.636583
2017-07-29 00:00:00,2784.8
2017-07-30 00:00:00,2745.955417
2017-07-31 00:00:00,2866.431667
2017-08-01 00:00:00,2862.9
2017-08-02 00:00:00,2693.633983
2017-08-03 00:00:00,2794.117717
2017-08-04 00:00:00,2790.0
2017-08-05 00:00:00,3218.115017
2017-08-06 00:00:00,3252.562533
2017-08-07 00:00:00,3210.2
2017-08-08 00:00:00,3457.374333
2017-08-09 00:00:00,3357.326317
2017-08-10 00:00:00,3340.28
2017-08-11 00:00:00,3632.506667
2017-08-12 00:00:00,3852.802914
2017-08-13 00:00:00,3868.52
2017-08-14 00:00:00,4282.992
2017-08-15 00:00:00,4217.028329
2017-08-16 00:00:00,4179.97
2017-08-17 00:00:00,4328.725717
2017-08-18 00:00:00,4130.440067
2017-08-19 00:00:00,4104.71
2017-08-20 00:00:00,4157.958033
2017-08-21 00:00:00,4043.722
2017-08-22 00:00:00,3986.28
2017-08-23 00:00:00,4174.95
2017-08-24 00:00:00,4340.316717
2017-08-25 00:00:00,4331.77
2017-08-26 00:00:00,4360.513317
2017-08-27 00:00:00,4354.308333
2017-08-28 00:00:00,4339.05
2017-08-29 00:00:00,4607.98545
2017-08-30 00:00:00,4594.98785
2017-08-31 00:00:00,4582.52
2017-09-01 00:00:00,4911.740017
2017-09-02 00:00:00,4580.38748
2017-09-03 00:00:00,4585.57
2017-09-04 00:00:00,4344.098317
2017-09-05 00:00:00,4488.72014
2017-09-06 00:00:00,4385.02
2017-09-07 00:00:00,4654.6585
2017-09-08 00:00:00,4310.750183
2017-09-09 00:00:00,4312.26
2017-09-10 00:00:00,4329.955
2017-09-11 00:00:00,4248.090017
2017-09-12 00:00:00,4198.59
2017-09-13 00:00:00,3961.271267
2017-09-14 00:00:00,3319.63
2017-09-15 00:00:00,3216.43
2017-09-16 00:00:00,3763.62604
2017-09-17 00:00:00,3746.060783
2017-09-18 00:00:00,3678.53
2017-09-19 00:00:00,3943.413333
2017-09-20 00:00:00,3977.561667
2017-09-21 00:00:00,3894.48
2017-09-22 00:00:00,3637.50255
2017-09-23 00:00:00,3776.3869
2017-09-24 00:00:00,3777.62
2017-09-25 00:00:00,3942.555
2017-09-26 00:00:00,3910.307383
2017-09-27 00:00:00,3881.0
2017-09-28 00:00:00,4201.98905
2017-09-29 00:00:00,4193.574667
2017-09-30 00:00:00,4164.27
2017-10-01 00:00:00,4360.722967
2017-10-02 00:00:00,4386.88375
2017-10-03 00:00:00,4394.07
2017-10-04 00:00:00,4225.175
2017-10-05 00:00:00,4338.852
2017-10-06 00:00:00,4318.58
2017-10-07 00:00:00,4376.191667
2017-10-08 00:00:00,4602.280883
2017-10-09 00:00:00,4605.66
2017-10-10 00:00:00,4782.28
2017-10-11 00:00:00,4819.485767
2017-10-12 00:00:00,4822.17
2017-10-13 00:00:00,5563.806567
2017-10-14 00:00:00,5739.438733
2017-10-15 00:00:00,5825.99
2017-10-16 00:00:00,5711.205867
2017-10-17 00:00:00,5603.71294
2017-10-18 00:00:00,5594.66
2017-10-19 00:00:00,5727.6335
2017-10-20 00:00:00,5979.45984
2017-10-21 00:00:00,5986.44
2017-10-22 00:00:00,5983.18455
2017-10-23 00:00:00,5876.079867
2017-10-24 00:00:00,5900.59
2017-10-25 00:00:00,5669.622533
2017-10-26 00:00:00,5893.138417
2017-10-27 00:00:00,5889.82
2017-10-28 00:00:00,5776.69695
2017-10-29 00:00:00,6155.43402
2017-10-30 00:00:00,6136.49
2017-10-31 00:00:00,6388.645167
2017-11-01 00:00:00,6665.306683
2017-11-02 00:00:00,6751.98
2017-11-03 00:00:00,7197.72006
2017-11-04 00:00:00,7437.543317
2017-11-05 00:00:00,7365.99
2017-11-06 00:00:00,6989.071667
2017-11-07 00:00:00,7092.127233
2017-11-08 00:00:00,7128.64
2017-11-09 00:00:00,7158.03706
2017-11-10 00:00:00,6719.39785
2017-11-11 00:00:00,6569.22
2017-11-12 00:00:00,5716.301583
2017-11-13 00:00:00,6550.227533
2017-11-14 00:00:00,6493.63
2017-11-15 00:00:00,7301.42992
2017-11-16 00:00:00,7815.0307
2017-11-17 00:00:00,7868.77
2017-11-18 00:00:00,7817.140383
2017-11-19 00:00:00,8007.654067
2017-11-20 00:00:00,8049.72
2017-11-21 00:00:00,8059.8
2017-11-22 00:00:00,8268.035
2017-11-23 00:00:00,8236.72
2017-11-24 00:00:00,8250.978333
2017-11-25 00:00:00,8707.407267
2017-11-26 00:00:00,8768.8
2017-11-27 00:00:00,9718.29505
2017-11-28 00:00:00,9952.50882
2017-11-29 00:00:00,9919.0
2017-11-30 00:00:00,10147.372
2017-12-01 00:00:00,10883.912
2017-12-02 00:00:00,10879.88
2017-12-03 00:00:00,11332.622
2017-12-04 00:00:00,11584.83
2017-12-05 00:00:00,11591.22
2017-12-06 00:00:00,13540.98
2017-12-07 00:00:00,16501.97167
2017-12-08 00:00:00,16860.88
2017-12-09 00:00:00,15142.83415
2017-12-10 00:00:00,14869.805
2017-12-11 00:00:00,15068.95
2017-12-12 00:00:00,17276.39333
2017-12-13 00:00:00,16808.36667
2017-12-14 00:00:00,16252.31
2017-12-15 00:00:00,17771.9
2017-12-16 00:00:00,19498.68333
2017-12-17 00:00:00,19279.9
2017-12-18 00:00:00,18961.85667
2017-12-19 00:00:00,17737.11167
2017-12-20 00:00:00,17382.94
2017-12-21 00:00:00,16047.51
2017-12-22 00:00:00,15190.945
2017-12-23 00:00:00,13776.61
2017-12-24 00:00:00,13949.175
2017-12-25 00:00:00,14119.02833
2017-12-26 00:00:00,13740.94
2017-12-27 00:00:00,15589.32167
2017-12-28 00:00:00,14380.58167
2017-12-29 00:00:00,14214.01
2017-12-30 00:00:00,13215.574
2017-12-31 00:00:00,14165.575
2018-01-01 00:00:00,13796.0
2018-01-02 00:00:00,15005.85667
2018-01-03 00:00:00,15053.26167
2018-01-04 00:00:00,15039.24
2018-01-05 00:00:00,17174.12
2018-01-06 00:00:00,17319.198
2018-01-07 00:00:00,17155.95
2018-01-08 00:00:00,15265.90667
2018-01-09 00:00:00,14714.25333
2018-01-10 00:00:00,14437.42
2018-01-11 00:00:00,13296.794
2018-01-12 00:00:00,13912.882
2018-01-13 00:00:00,13791.19
2018-01-14 00:00:00,13852.92
2018-01-15 00:00:00,14012.196
2018-01-16 00:00:00,13554.14
2018-01-17 00:00:00,11116.94667
2018-01-18 00:00:00,11345.42333
2018-01-19 00:00:00,11174.82
2018-01-20 00:00:00,12950.79333
2018-01-21 00:00:00,11505.228
2018-01-22 00:00:00,11513.42
2018-01-23 00:00:00,11223.064
2018-01-24 00:00:00,11282.25833
2018-01-25 00:00:00,11392.03
2018-01-26 00:00:00,10969.815
2018-01-27 00:00:00,11524.77667
2018-01-28 00:00:00,11431.37
2018-01-29 00:00:00,11212.655
2018-01-30 00:00:00,10184.06167
2018-01-31 00:00:00,10082.52
2018-02-01 00:00:00,9083.258333
2018-02-02 00:00:00,8901.901667
2018-02-03 00:00:00,8852.73
2018-02-04 00:00:00,8400.648333
2018-02-05 00:00:00,6838.816667
2018-02-06 00:00:00,6925.46
2018-02-07 00:00:00,8099.958333
2018-02-08 00:00:00,8240.536667
2018-02-09 00:00:00,8245.08
2018-02-10 00:00:00,8319.876566
2018-02-11 00:00:00,8343.455
2018-02-12 00:00:00,8068.02
2018-02-13 00:00:00,8597.7675
2018-02-14 00:00:00,9334.633333
2018-02-15 00:00:00,9471.64
2018-02-16 00:00:00,10127.16167
2018-02-17 00:00:00,10841.99167
2018-02-18 00:00:00,11085.83
2018-02-19 00:00:00,11110.965
2018-02-20 00:00:00,11390.39167
2018-02-21 00:00:00,11245.98
2018-02-22 00:00:00,9931.071667
2018-02-23 00:00:00,10162.11667
2018-02-24 00:00:00,10171.3
2018-02-25 00:00:00,9696.593333
2018-02-26 00:00:00,10348.60333
2018-02-27 00:00:00,10319.46
2018-02-28 00:00:00,10370.165
2018-03-01 00:00:00,11009.38167
2018-03-02 00:00:00,10931.12
2018-03-03 00:00:00,11326.94833
2018-03-04 00:00:00,11430.18167
2018-03-05 00:00:00,11516.83
2018-03-06 00:00:00,10763.19833
2018-03-07 00:00:00,10118.058
2018-03-08 00:00:00,9920.46
2018-03-09 00:00:00,9089.278333
2018-03-10 00:00:00,8746.002
2018-03-11 00:00:00,8777.37
2018-03-12 00:00:00,9182.843333
2018-03-13 00:00:00,9154.7
2018-03-14 00:00:00,9153.54
2018-03-15 00:00:00,8358.121667
2018-03-16 00:00:00,8530.402
2018-03-17 00:00:00,8297.89
2018-03-18 00:00:00,8171.415
2018-03-19 00:00:00,8412.033333
2018-03-20 00:00:00,8605.64
2018-03-21 00:00:00,8947.753333
2018-03-22 00:00:00,8690.408333
2018-03-23 00:00:00,8725.37
2018-03-24 00:00:00,8662.378333
2018-03-25 00:00:00,8617.296667
2018-03-26 00:00:00,8457.96
2018-03-27 00:00:00,7876.195
2018-03-28 00:00:00,7960.38
2018-03-29 00:00:00,7950.61
2018-03-30 00:00:00,6882.531667
2018-03-31 00:00:00,6935.48
2018-04-01 00:00:00,6937.56
2018-04-02 00:00:00,7035.848333
2018-04-03 00:00:00,7410.435
2018-04-04 00:00:00,7426.48
2018-04-05 00:00:00,6826.51
2018-04-06 00:00:00,6603.876667
2018-04-07 00:00:00,6634.68
2018-04-08 00:00:00,7017.656667
2018-04-09 00:00:00,6699.273333
2018-04-10 00:00:00,6784.41
2018-04-11 00:00:00,6926.266667
2018-04-12 00:00:00,7847.845
2018-04-13 00:00:00,7941.46
2018-04-14 00:00:00,8036.511051
2018-04-15 00:00:00,8340.748333
2018-04-16 00:00:00,8368.1
2018-04-17 00:00:00,7895.416926
2018-04-18 00:00:00,8164.937426
2018-04-19 00:00:00,8175.96
2018-04-20 00:00:00,8852.718333
2018-04-21 00:00:00,8807.205
2018-04-22 00:00:00,8930.6
2018-04-23 00:00:00,8933.861667
2018-04-24 00:00:00,9555.542
2018-04-25 00:00:00,9658.11
2018-04-26 00:00:00,9258.398333
2018-04-27 00:00:00,9010.32
2018-04-28 00:00:00,8928.55
2018-04-29 00:00:00,9334.281667
2018-04-30 00:00:00,9259.57
2018-05-01 00:00:00,9239.55
2018-05-02 00:00:00,9221.426
2018-05-03 00:00:00,9639.268333
2018-05-04 00:00:00,9753.35
2018-05-05 00:00:00,9803.306667
2018-05-06 00:00:00,9630.136277
2018-05-07 00:00:00,9631.44
2018-05-08 00:00:00,9228.608333
2018-05-09 00:00:00,9322.041667
2018-05-10 00:00:00,9310.37
2018-05-11 00:00:00,8468.788
2018-05-12 00:00:00,8484.346667
2018-05-13 00:00:00,8463.52
2018-05-14 00:00:00,8652.038333
2018-05-15 00:00:00,8511.458
2018-05-16 00:00:00,8471.06
2018-05-17 00:00:00,8106.118333
2018-05-18 00:00:00,8240.055
2018-05-19 00:00:00,8239.08
2018-05-20 00:00:00,8507.406667
2018-05-21 00:00:00,8385.556187
2018-05-22 00:00:00,8396.63
2018-05-23 00:00:00,7555.74
2018-05-24 00:00:00,7566.193333
2018-05-25 00:00:00,7576.78
2018-05-26 00:00:00,7342.908333
2018-05-27 00:00:00,7361.831667
2018-05-28 00:00:00,7344.56
2018-05-29 00:00:00,7459.876667
2018-05-30 00:00:00,7385.395
2018-05-31 00:00:00,7386.72
2018-06-01 00:00:00,7535.146667
2018-06-02 00:00:00,7645.146667
2018-06-03 00:00:00,7637.14
2018-06-04 00:00:00,7500.273333
2018-06-05 00:00:00,7615.722142
2018-06-06 00:00:00,7619.43
2018-06-07 00:00:00,7676.271667
2018-06-08 00:00:00,7620.153333
2018-06-09 00:00:00,7615.54
2018-06-10 00:00:00,6776.888333
2018-06-11 00:00:00,6875.678333
2018-06-12 00:00:00,6879.31
2018-06-13 00:00:00,6315.7
2018-06-14 00:00:00,6647.013333
2018-06-15 00:00:00,6637.41
2018-06-16 00:00:00,6509.426667
2018-06-17 00:00:00,6464.411667
2018-06-18 00:00:00,6445.79
2018-06-19 00:00:00,6737.0
2018-06-20 00:00:00,6714.718333
2018-06-21 00:00:00,6760.83
2018-06-22 00:00:00,6332.573333
2018-06-23 00:00:00,6141.605833
2018-06-24 00:00:00,6170.46
2018-06-25 00:00:00,6211.4475
2018-06-26 00:00:00,6218.595
2018-06-27 00:00:00,6097.46
2018-06-28 00:00:00,6107.896154
2018-06-29 00:00:00,5908.7025
2018-06-30 00:00:00,6223.28
2018-07-01 00:00:00,6374.754167
2018-07-02 00:00:00,6466.069167
2018-07-03 00:00:00,6626.44
2018-07-04 00:00:00,6593.289167
2018-07-05 00:00:00,6603.376667
2018-07-06 00:00:00,6555.51
2018-07-07 00:00:00,6594.281667
2018-07-08 00:00:00,6753.559167
2018-07-09 00:00:00,6724.04
2018-07-10 00:00:00,6510.791667
2018-07-11 00:00:00,6377.363333
2018-07-12 00:00:00,6403.18
2018-07-13 00:00:00,6244.3575
2018-07-14 00:00:00,6241.0
2018-07-15 00:00:00,6248.84
2018-07-16 00:00:00,6514.390833
2018-07-17 00:00:00,6869.910833
2018-07-18 00:00:00,7321.62
2018-07-19 00:00:00,7396.401667
2018-07-20 00:00:00,7428.045
2018-07-21 00:00:00,7334.99
2018-07-22 00:00:00,7451.289167
2018-07-23 00:00:00,7689.884167
2018-07-24 00:00:00,7715.1
2018-07-25 00:00:00,8251.165
2018-07-26 00:00:00,8187.324167
2018-07-27 00:00:00,7939.81
2018-07-28 00:00:00,8182.251667
2018-07-29 00:00:00,8206.341667
2018-07-30 00:00:00,8220.91
2018-07-31 00:00:00,7916.800833
2018-08-01 00:00:00,7570.869167
2018-08-02 00:00:00,7607.7
2018-08-03 00:00:00,7394.499167
2018-08-04 00:00:00,7247.769167
2018-08-05 00:00:00,7011.28
2018-08-06 00:00:00,6988.079167
2018-08-07 00:00:00,6993.513333
2018-08-08 00:00:00,6718.23
2018-08-09 00:00:00,6396.7725
2018-08-10 00:00:00,6396.494667
2018-08-11 00:00:00,6138.96
2018-08-12 00:00:00,6311.131667
2018-08-13 00:00:00,6347.07
2018-08-14 00:00:00,6252.13
2018-08-15 00:00:00,6362.676923
2018-08-16 00:00:00,6342.629231
2018-08-17 00:00:00,6312.75
2018-08-18 00:00:00,6436.720833
2018-08-19 00:00:00,6404.063333
2018-08-20 00:00:00,6486.58
2018-08-21 00:00:00,6401.246154
2018-08-22 00:00:00,6575.229167
2018-08-23 00:00:00,6354.57
2018-08-24 00:00:00,6543.645714
2018-08-25 00:00:00,6719.429231
2018-08-26 00:00:00,6738.27
2018-08-27 00:00:00,6719.266154
2018-08-28 00:00:00,7000.04
2018-08-29 00:00:00,7078.19
2018-08-30 00:00:00,6932.6625
2018-08-31 00:00:00,6981.946154
2018-09-01 00:00:00,7018.78
2018-09-02 00:00:00,7247.935385
2018-09-03 00:00:00,7260.949231
2018-09-04 00:00:00,7265.08
2018-09-05 00:00:00,7113.069231
2018-09-06 00:00:00,6433.271667
2018-09-07 00:00:00,6501.19
2018-09-08 00:00:00,6366.1075
2018-09-09 00:00:00,6286.425833
2018-09-10 00:00:00,6240.98
2018-09-11 00:00:00,6296.320833
2018-09-12 00:00:00,6273.1375
2018-09-13 00:00:00,6326.04
2018-09-14 00:00:00,6499.0625
2018-09-15 00:00:00,6518.655
2018-09-16 00:00:00,6522.39
2018-09-17 00:00:00,6400.600833
2018-09-18 00:00:00,6296.631667
2018-09-19 00:00:00,6342.39
2018-09-20 00:00:00,6418.562667
2018-09-21 00:00:00,6669.990833
2018-09-22 00:00:00,6756.12
2018-09-23 00:00:00,6710.445
2018-09-24 00:00:00,6639.304167
2018-09-25 00:00:00,6583.45
2018-09-26 00:00:00,6468.631667
2018-09-27 00:00:00,6535.476667
2018-09-28 00:00:00,6686.08
2018-09-29 00:00:00,6550.474167
2018-09-30 00:00:00,6593.135
2018-10-01 00:00:00,6611.02
2018-10-02 00:00:00,6562.641667
2018-10-03 00:00:00,6470.4025
2018-10-04 00:00:00,6483.73
2018-10-05 00:00:00,6568.549167
2018-10-06 00:00:00,6581.486667
2018-10-07 00:00:00,6573.62
2018-10-08 00:00:00,6618.567692
2018-10-09 00:00:00,6621.711667
2018-10-10 00:00:00,6626.85
2018-10-11 00:00:00,6248.635833
2018-10-12 00:00:00,6260.530833
2018-10-13 00:00:00,6247.0
2018-10-14 00:00:00,6299.399167
2018-10-15 00:00:00,6452.571667
2018-10-16 00:00:00,6599.17
2018-10-17 00:00:00,6596.276154
2018-10-18 00:00:00,6568.040769
2018-10-19 00:00:00,6509.61
2018-10-20 00:00:00,6488.825833
2018-10-21 00:00:00,6531.601667
2018-10-22 00:00:00,6504.78
2018-10-23 00:00:00,6481.426
2018-10-24 00:00:00,6508.31
2018-10-25 00:00:00,6489.77
2018-10-26 00:00:00,6473.753333
2018-10-27 00:00:00,6465.9175
2018-10-28 00:00:00,6457.21
2018-10-29 00:00:00,6382.668333
2018-10-30 00:00:00,6309.452857
2018-10-31 00:00:00,6301.61
2018-11-01 00:00:00,6342.280833
2018-11-02 00:00:00,6387.674167
2018-11-03 00:00:00,6390.42
2018-11-04 00:00:00,6391.873333
2018-11-05 00:00:00,6436.965
2018-11-06 00:00:00,6437.76
2018-11-07 00:00:00,6538.79
2018-11-08 00:00:00,6486.251667
2018-11-09 00:00:00,6444.97
2018-11-10 00:00:00,6399.033333
2018-11-11 00:00:00,6378.268333
2018-11-12 00:00:00,6408.53
2018-11-13 00:00:00,6372.063333
2018-11-14 00:00:00,6176.155
2018-11-15 00:00:00,5756.77
2018-11-16 00:00:00,5596.1925
2018-11-17 00:00:00,5558.243333
2018-11-18 00:00:00,5572.44
2018-11-19 00:00:00,5303.9425
2018-11-20 00:00:00,4671.97
2018-11-21 00:00:00,4491.98
2018-11-22 00:00:00,4548.7975
2018-11-23 00:00:00,4309.3375
2018-11-24 00:00:00,4352.98
2018-11-25 00:00:00,3823.511667
2018-11-26 00:00:00,3920.536667
2018-11-27 00:00:00,3793.35
2018-11-28 00:00:00,4103.453846
2018-11-29 00:00:00,4263.783333
2018-11-30 00:00:00,4278.77
2018-12-01 00:00:00,4116.7775
2018-12-02 00:00:00,4167.546667
2018-12-03 00:00:00,4140.6
2018-12-04 00:00:00,3961.493333
2018-12-05 00:00:00,3858.349167
2018-12-06 00:00:00,3744.98
2018-12-07 00:00:00,3405.643333
2018-12-08 00:00:00,3435.34
2018-12-09 00:00:00,3453.66
2018-12-10 00:00:00,3523.96
2018-12-11 00:00:00,3426.19
2018-12-12 00:00:00,3407.28
2018-12-13 00:00:00,3406.7625
2018-12-14 00:00:00,3278.374167
2018-12-15 00:00:00,3242.42
2018-12-16 00:00:00,3271.238333
2018-12-17 00:00:00,3392.405
2018-12-18 00:00:00,3556.54
2018-12-19 00:00:00,3808.0425
2018-12-20 00:00:00,3982.850833
2018-12-21 00:00:00,4135.19
2018-12-22 00:00:00,3910.973333
2018-12-23 00:00:00,4027.478333
2018-12-24 00:00:00,3995.17
2018-12-25 00:00:00,3813.88
2018-12-26 00:00:00,3825.379167
2018-12-27 00:00:00,3848.21
2018-12-28 00:00:00,3743.905
2018-12-29 00:00:00,3912.285833
2018-12-30 00:00:00,3770.36
2018-12-31 00:00:00,3791.545833
2019-01-01 00:00:00,3752.271667
2019-01-02 00:00:00,3855.88
2019-01-03 00:00:00,3865.7975
2019-01-04 00:00:00,3822.626667
2019-01-05 00:00:00,3856.62
2019-01-06 00:00:00,3920.456667
2019-01-07 00:00:00,4036.093333
2019-01-08 00:00:00,4032.25
2019-01-09 00:00:00,4034.138333
2019-01-10 00:00:00,3812.585833
2019-01-11 00:00:00,3646.25
2019-01-12 00:00:00,3646.345833
2019-01-13 00:00:00,3599.841667
2019-01-14 00:00:00,3531.96
2019-01-15 00:00:00,3656.785
2019-01-16 00:00:00,3621.270833
2019-01-17 00:00:00,3621.43
2019-01-18 00:00:00,3632.395
2019-01-19 00:00:00,3690.523333
2019-01-20 00:00:00,3703.98
2019-01-21 00:00:00,3548.4275
2019-01-22 00:00:00,3540.02
2019-01-23 00:00:00,3587.35
2019-01-24 00:00:00,3566.4
2019-01-25 00:00:00,3586.25
2019-01-26 00:00:00,3577.79
2019-01-27 00:00:00,3576.3
2019-01-28 00:00:00,3554.5
2019-01-29 00:00:00,3448.58
2019-01-30 00:00:00,3421.6
2019-01-31 00:00:00,3470.0
2019-02-01 00:00:00,3444.81
2019-02-02 00:00:00,3475.33
2019-02-03 00:00:00,3506.22
2019-02-04 00:00:00,3456.02
2019-02-05 00:00:00,3452.35
2019-02-06 00:00:00,3467.34
2019-02-07 00:00:00,3405.7
2019-02-08 00:00:00,3394.76
2019-02-09 00:00:00,3661.08
2019-02-10 00:00:00,3664.38
2019-02-11 00:00:00,3686.29
2019-02-12 00:00:00,3629.47
2019-02-13 00:00:00,3632.42
2019-02-14 00:00:00,3614.5
2019-02-15 00:00:00,3600.31
2019-02-16 00:00:00,3608.2
2019-02-17 00:00:00,3619.55
2019-02-18 00:00:00,3670.74
2019-02-19 00:00:00,3910.8
2019-02-20 00:00:00,3926.53
2019-02-21 00:00:00,3987.18
2019-02-22 00:00:00,3944.88
2019-02-23 00:00:00,3983.48
2019-02-24 00:00:00,4139.6
2019-02-25 00:00:00,3766.89
2019-02-26 00:00:00,3848.33
2019-02-27 00:00:00,3831.45
2019-02-28 00:00:00,3833.23
2019-03-01 00:00:00,3850.08
2019-03-02 00:00:00,3834.62
2019-03-03 00:00:00,3831.44
2019-03-04 00:00:00,3814.58
2019-03-05 00:00:00,3730.98
2019-03-06 00:00:00,3872.25
2019-03-07 00:00:00,3876.85
2019-03-08 00:00:00,3886.82
2019-03-09 00:00:00,3875.96
2019-03-10 00:00:00,3950.56
2019-03-11 00:00:00,3928.17
2019-03-12 00:00:00,3881.09
2019-03-13 00:00:00,3892.51
2019-03-14 00:00:00,3877.77
2019-03-15 00:00:00,3885.21
2019-03-16 00:00:00,3936.5
2019-03-17 00:00:00,4015.95
2019-03-18 00:00:00,3994.92
2019-03-19 00:00:00,3998.77
2019-03-20 00:00:00,4029.11
2019-03-21 00:00:00,4056.4
2019-03-22 00:00:00,3992.34
2019-03-23 00:00:00,3999.06
2019-03-24 00:00:00,4011.92
2019-03-25 00:00:00,3994.11
2019-03-26 00:00:00,3935.89
2019-03-27 00:00:00,3947.74
2019-03-28 00:00:00,4048.51
2019-03-29 00:00:00,4037.37
2019-03-30 00:00:00,4115.55
2019-03-31 00:00:00,4114.44
2019-04-01 00:00:00,4114.16
2019-04-02 00:00:00,4152.53
2019-04-03 00:00:00,4882.88
2019-04-04 00:00:00,4959.81
2019-04-05 00:00:00,4911.24
2019-04-06 00:00:00,5028.77
2019-04-07 00:00:00,5053.52
2019-04-08 00:00:00,5189.39
2019-04-09 00:00:00,5268.71
2019-04-10 00:00:00,5175.81
2019-04-11 00:00:00,5310.18
2019-04-12 00:00:00,5035.02
2019-04-13 00:00:00,5072.85
2019-04-14 00:00:00,5064.62
2019-04-15 00:00:00,5152.51
2019-04-16 00:00:00,5036.18
2019-04-17 00:00:00,5196.65
2019-04-18 00:00:00,5220.37
2019-04-19 00:00:00,5276.31
2019-04-20 00:00:00,5277.04
2019-04-21 00:00:00,5309.28
2019-04-22 00:00:00,5281.83
2019-04-23 00:00:00,5377.19
2019-04-24 00:00:00,5518.16
2019-04-25 00:00:00,5434.19
2019-04-26 00:00:00,5195.61
2019-04-27 00:00:00,5292.83
2019-04-28 00:00:00,5280.19
2019-04-29 00:00:00,5301.29
2019-04-30 00:00:00,5260.65
2019-05-01 00:00:00,5269.79
2019-05-02 00:00:00,5326.67
2019-05-03 00:00:00,5390.16
2019-05-04 00:00:00,5657.14
2019-05-05 00:00:00,5771.08
2019-05-06 00:00:00,5717.66
2019-05-07 00:00:00,5684.47
2019-05-08 00:00:00,5755.72
2019-05-09 00:00:00,5936.72
2019-05-10 00:00:00,6146.91
2019-05-11 00:00:00,6348.02
2019-05-12 00:00:00,7248.31
2019-05-13 00:00:00,6978.63
2019-05-14 00:00:00,7823.11
2019-05-15 00:00:00,7992.69
2019-05-16 00:00:00,8206.9
2019-05-17 00:00:00,7885.96
2019-05-18 00:00:00,7362.22
2019-05-19 00:00:00,7265.05
2019-05-20 00:00:00,8193.7
2019-05-21 00:00:00,8007.03
2019-05-22 00:00:00,7952.5
2019-05-23 00:00:00,7625.93
2019-05-24 00:00:00,7880.29
2019-05-25 00:00:00,8003.26
2019-05-26 00:00:00,8071.45
2019-05-27 00:00:00,8744.42
2019-05-28 00:00:00,8770.06
2019-05-29 00:00:00,8719.88
2019-05-30 00:00:00,8662.98
2019-05-31 00:00:00,8272.46
2019-06-01 00:00:00,8553.81
2019-06-02 00:00:00,8554.8
2019-06-03 00:00:00,8739.03
2019-06-04 00:00:00,8134.92
2019-06-05 00:00:00,7675.8
2019-06-06 00:00:00,7786.04
2019-06-07 00:00:00,7803.23
2019-06-08 00:00:00,7998.29
2019-06-09 00:00:00,7931.34
2019-06-10 00:00:00,7640.61
2019-06-11 00:00:00,8020.38
2019-06-12 00:00:00,7917.58
2019-06-13 00:00:00,8173.06
2019-06-14 00:00:00,8237.88
2019-06-15 00:00:00,8693.6
2019-06-16 00:00:00,8859.47
2019-06-17 00:00:00,8978.99
2019-06-18 00:00:00,9327.48
2019-06-19 00:00:00,9076.18
2019-06-20 00:00:00,9281.7
2019-06-21 00:00:00,9531.35
2019-06-22 00:00:00,10209.38
2019-06-23 00:00:00,10668.63
2019-06-24 00:00:00,10814.48
2019-06-25 00:00:00,11017.5
2019-06-26 00:00:00,11766.4
2019-06-27 00:00:00,12932.55
2019-06-28 00:00:00,11132.85
2019-06-29 00:00:00,12374.35
2019-06-30 00:00:00,11890.38
2019-07-01 00:00:00,10737.73
2019-07-02 00:00:00,10578.72
2019-07-03 00:00:00,10805.4
2019-07-04 00:00:00,11984.76
2019-07-05 00:00:00,11160.49
2019-07-06 00:00:00,10955.16
2019-07-07 00:00:00,11232.04
2019-07-08 00:00:00,11477.01
2019-07-09 00:00:00,12313.08
2019-07-10 00:00:00,12586.78
2019-07-11 00:00:00,12099.9
2019-07-12 00:00:00,11352.87
2019-07-13 00:00:00,11803.97
2019-07-14 00:00:00,11389.1
2019-07-15 00:00:00,10186.96
2019-07-16 00:00:00,10873.5
2019-07-17 00:00:00,9397.72
2019-07-18 00:00:00,9674.28
2019-07-19 00:00:00,10638.56
2019-07-20 00:00:00,10535.75
2019-07-21 00:00:00,10764.9
2019-07-22 00:00:00,10587.41
2019-07-23 00:00:00,10323.62
2019-07-24 00:00:00,9844.3
2019-07-25 00:00:00,9772.17
2019-07-26 00:00:00,9875.17
2019-07-27 00:00:00,9848.65
2019-07-28 00:00:00,9473.99
2019-07-29 00:00:00,9530.0
2019-07-30 00:00:00,9501.33
2019-07-31 00:00:00,9589.13
2019-08-01 00:00:00,10084.7
2019-08-02 00:00:00,10407.17
2019-08-03 00:00:00,10529.55
2019-08-04 00:00:00,10814.57
2019-08-05 00:00:00,10980.23
2019-08-06 00:00:00,11787.99
2019-08-07 00:00:00,11465.67
2019-08-08 00:00:00,11960.82
2019-08-09 00:00:00,11996.41
2019-08-10 00:00:00,11856.64
2019-08-11 00:00:00,11282.22
2019-08-12 00:00:00,11566.84
2019-08-13 00:00:00,11386.26
2019-08-14 00:00:00,10858.12
2019-08-15 00:00:00,10016.96
2019-08-16 00:00:00,10302.17
2019-08-17 00:00:00,10359.44
2019-08-18 00:00:00,10214.52
2019-08-19 00:00:00,10317.6
2019-08-20 00:00:00,10917.26
2019-08-21 00:00:00,10760.56
2019-08-22 00:00:00,10129.4
2019-08-23 00:00:00,10111.98
2019-08-24 00:00:00,10405.81
2019-08-25 00:00:00,10143.8
2019-08-26 00:00:00,10135.06
2019-08-27 00:00:00,10360.28
2019-08-28 00:00:00,10171.95
2019-08-29 00:00:00,9717.82
2019-08-30 00:00:00,9484.55
2019-08-31 00:00:00,9577.99
2019-09-01 00:00:00,9600.9
2019-09-02 00:00:00,9769.79
2019-09-03 00:00:00,10386.64
2019-09-04 00:00:00,10621.29
2019-09-05 00:00:00,10584.16
2019-09-06 00:00:00,10577.8
2019-09-07 00:00:00,10317.47
2019-09-08 00:00:00,10487.21
2019-09-09 00:00:00,10406.31
2019-09-10 00:00:00,10313.66
2019-09-11 00:00:00,10101.03
2019-09-12 00:00:00,10159.32
2019-09-13 00:00:00,10420.16
2019-09-14 00:00:00,10363.9
2019-09-15 00:00:00,10361.33
2019-09-16 00:00:00,10310.43
2019-09-17 00:00:00,10265.63
2019-09-18 00:00:00,10190.36
2019-09-19 00:00:00,10157.59
2019-09-20 00:00:00,10275.88
2019-09-21 00:00:00,10173.11
2019-09-22 00:00:00,9979.49
2019-09-23 00:00:00,10033.05
2019-09-24 00:00:00,9683.38
2019-09-25 00:00:00,8553.61
2019-09-26 00:00:00,8432.23
2019-09-27 00:00:00,8055.64
2019-09-28 00:00:00,8193.9
2019-09-29 00:00:00,8225.0
2019-09-30 00:00:00,8056.74
2019-10-01 00:00:00,8307.74
2019-10-02 00:00:00,8322.92
2019-10-03 00:00:00,8382.03
2019-10-04 00:00:00,8236.17
2019-10-05 00:00:00,8155.48
2019-10-06 00:00:00,8147.69
2019-10-07 00:00:00,7869.74
2019-10-08 00:00:00,8212.02
2019-10-09 00:00:00,8190.0
2019-10-10 00:00:00,8587.92
2019-10-11 00:00:00,8586.9
2019-10-12 00:00:00,8269.73
2019-10-13 00:00:00,8308.01
2019-10-14 00:00:00,8283.76
2019-10-15 00:00:00,8353.54
2019-10-16 00:00:00,8162.16
2019-10-17 00:00:00,8002.51
2019-10-18 00:00:00,8076.78
2019-10-19 00:00:00,7954.15
2019-10-20 00:00:00,7960.04
2019-10-21 00:00:00,8231.06
2019-10-22 00:00:00,8222.52
2019-10-23 00:00:00,8026.76
2019-10-24 00:00:00,7469.56
2019-10-25 00:00:00,7431.88
2019-10-26 00:00:00,8666.79
2019-10-27 00:00:00,9259.8
2019-10-28 00:00:00,9551.54
2019-10-29 00:00:00,9218.76
2019-10-30 00:00:00,9433.35
2019-10-31 00:00:00,9164.62
2019-11-01 00:00:00,9147.98
2019-11-02 00:00:00,9252.99
2019-11-03 00:00:00,9301.18
2019-11-04 00:00:00,9206.16
2019-11-05 00:00:00,9418.05
2019-11-06 00:00:00,9310.19
2019-11-07 00:00:00,9343.34
2019-11-08 00:00:00,9204.24
2019-11-09 00:00:00,8766.04
2019-11-10 00:00:00,8809.41
2019-11-11 00:00:00,9037.12
2019-11-12 00:00:00,8717.81
2019-11-13 00:00:00,8801.52
2019-11-14 00:00:00,8762.42
2019-11-15 00:00:00,8632.32
2019-11-16 00:00:00,8457.69
2019-11-17 00:00:00,8482.7
2019-11-18 00:00:00,8503.93
2019-11-19 00:00:00,8175.99
2019-11-20 00:00:00,8120.8
2019-11-21 00:00:00,8081.81
2019-11-22 00:00:00,7617.07
2019-11-23 00:00:00,7286.35
2019-11-24 00:00:00,7324.03
2019-11-25 00:00:00,6907.4
2019-11-26 00:00:00,7130.25
2019-11-27 00:00:00,7163.63
2019-11-28 00:00:00,7523.83
2019-11-29 00:00:00,7431.0
2019-11-30 00:00:00,7757.47
2019-12-01 00:00:00,7557.72
2019-12-02 00:00:00,7402.69
2019-12-03 00:00:00,7309.59
2019-12-04 00:00:00,7296.77
2019-12-05 00:00:00,7192.85
2019-12-06 00:00:00,7395.97
2019-12-07 00:00:00,7547.19
2019-12-08 00:00:00,7504.83
2019-12-09 00:00:00,7522.39
2019-12-10 00:00:00,7337.42
2019-12-11 00:00:00,7220.76
2019-12-12 00:00:00,7202.31
2019-12-13 00:00:00,7189.16
2019-12-14 00:00:00,7251.87
2019-12-15 00:00:00,7067.74
2019-12-16 00:00:00,7111.14
2019-12-17 00:00:00,6879.54
2019-12-18 00:00:00,6612.12
2019-12-19 00:00:00,7284.29
2019-12-20 00:00:00,7150.86
2019-12-21 00:00:00,7190.17
2019-12-22 00:00:00,7143.2
2019-12-23 00:00:00,7514.41
2019-12-24 00:00:00,7322.08
2019-12-25 00:00:00,7250.69
2019-12-26 00:00:00,7192.72
2019-12-27 00:00:00,7194.4
2019-12-28 00:00:00,7243.93
2019-12-29 00:00:00,7301.07
2019-12-30 00:00:00,7385.36
2019-12-31 00:00:00,7219.6
2020-01-01 00:00:00,7168.31
2020-01-02 00:00:00,7175.68
2020-01-03 00:00:00,6944.33
2020-01-04 00:00:00,7326.35
2020-01-05 00:00:00,7347.89
2020-01-06 00:00:00,7351.57
2020-01-07 00:00:00,7759.24
2020-01-08 00:00:00,8165.47
2020-01-09 00:00:00,8042.65
2020-01-10 00:00:00,7817.92
2020-01-11 00:00:00,8184.66
2020-01-12 00:00:00,8021.49
2020-01-13 00:00:00,8173.97
2020-01-14 00:00:00,8105.24
2020-01-15 00:00:00,8842.42
2020-01-16 00:00:00,8813.89
2020-01-17 00:00:00,8722.03
2020-01-18 00:00:00,8900.34
2020-01-19 00:00:00,8910.85
2020-01-20 00:00:00,8703.36
2020-01-21 00:00:00,8626.47
2020-01-22 00:00:00,8722.26
2020-01-23 00:00:00,8658.94
2020-01-24 00:00:00,8388.11
2020-01-25 00:00:00,8428.17
2020-01-26 00:00:00,8327.36
2020-01-27 00:00:00,8588.42
2020-01-28 00:00:00,8895.78
2020-01-29 00:00:00,9385.69
2020-01-30 00:00:00,9279.81
2020-01-31 00:00:00,9502.37
2020-02-01 00:00:00,9333.77
2020-02-02 00:00:00,9378.09
2020-02-03 00:00:00,9314.56
2020-02-04 00:00:00,9162.14
2020-02-05 00:00:00,9162.14
2020-02-06 00:00:00,9614.9
2020-02-07 00:00:00,9755.66
2020-02-08 00:00:00,9807.54
2020-02-09 00:00:00,9907.12
2020-02-10 00:00:00,10162.41
2020-02-11 00:00:00,9854.79
2020-02-12 00:00:00,10275.38
2020-02-13 00:00:00,10354.3
2020-02-14 00:00:00,10242.43
2020-02-15 00:00:00,10368.53
2020-02-16 00:00:00,9904.17
2020-02-17 00:00:00,9937.67
2020-02-18 00:00:00,9703.93
2020-02-19 00:00:00,10180.65
2020-02-20 00:00:00,9604.72
2020-02-21 00:00:00,9606.86
2020-02-22 00:00:00,9696.58
2020-02-23 00:00:00,9669.63
2020-02-24 00:00:00,9989.39
2020-02-25 00:00:00,9663.75
2020-02-26 00:00:00,9309.15
2020-02-27 00:00:00,8785.52
2020-02-28 00:00:00,8804.72
2020-02-29 00:00:00,8712.35
2020-03-01 00:00:00,8534.17
2020-03-02 00:00:00,8912.82
2020-03-03 00:00:00,8912.82
2020-03-04 00:00:00,8754.34
2020-03-05 00:00:00,8758.9
2020-03-06 00:00:00,9067.39
2020-03-07 00:00:00,9155.89
2020-03-08 00:00:00,8898.63
2020-03-09 00:00:00,8039.38
2020-03-10 00:00:00,7931.94
2020-03-11 00:00:00,7885.46
2020-03-12 00:00:00,7936.65
2020-03-13 00:00:00,4830.21
2020-03-14 00:00:00,5609.03
2020-03-15 00:00:00,5166.26
2020-03-16 00:00:00,5348.44
2020-03-17 00:00:00,5026.35
2020-03-18 00:00:00,5357.61
2020-03-19 00:00:00,5410.23
2020-03-20 00:00:00,6195.2
2020-03-21 00:00:00,6226.44
2020-03-22 00:00:00,6189.85
2020-03-23 00:00:00,5822.62
2020-03-24 00:00:00,6502.16
2020-03-25 00:00:00,6768.49
2020-03-26 00:00:00,6698.46
2020-03-27 00:00:00,6763.75
2020-03-28 00:00:00,6369.09
2020-03-29 00:00:00,6260.95
2020-03-30 00:00:00,5885.41
2020-03-31 00:00:00,6405.29
2020-04-01 00:00:00,6428.28
2020-04-02 00:00:00,6652.87
2020-04-03 00:00:00,6809.11
2020-04-04 00:00:00,6741.67
2020-04-05 00:00:00,6871.69
2020-04-06 00:00:00,6777.44
2020-04-07 00:00:00,7343.2
2020-04-08 00:00:00,7205.55
2020-04-09 00:00:00,7365.03
2020-04-10 00:00:00,7293.69
2020-04-11 00:00:00,6873.24
2020-04-12 00:00:00,6891.6
2020-04-13 00:00:00,6915.37
2020-04-14 00:00:00,6857.66
2020-04-15 00:00:00,6871.95
2020-04-16 00:00:00,6623.8
2020-04-17 00:00:00,7112.27
2020-04-18 00:00:00,7034.89
2020-04-19 00:00:00,7259.36
2020-04-20 00:00:00,7130.04
2020-04-21 00:00:00,6840.24
2020-04-22 00:00:00,6852.52
2020-04-23 00:00:00,7130.99
2020-04-24 00:00:00,7477.6
2020-04-25 00:00:00,7507.08
2020-04-26 00:00:00,7549.52
2020-04-27 00:00:00,7699.27
2020-04-28 00:00:00,7790.66
2020-04-29 00:00:00,7765.33
2020-04-30 00:00:00,8777.63
2020-05-01 00:00:00,8628.77
2020-05-02 00:00:00,8824.66
2020-05-03 00:00:00,8973.82
2020-05-04 00:00:00,8903.95
2020-05-05 00:00:00,8885.93
2020-05-06 00:00:00,9030.96
2020-05-07 00:00:00,9170.79
2020-05-08 00:00:00,10002.48
2020-05-09 00:00:00,9821.8
2020-05-10 00:00:00,9527.39
2020-05-11 00:00:00,8754.46
2020-05-12 00:00:00,8617.25
2020-05-13 00:00:00,8814.53
2020-05-14 00:00:00,9305.93
2020-05-15 00:00:00,9790.31
2020-05-16 00:00:00,9303.59
2020-05-17 00:00:00,9385.7
2020-05-18 00:00:00,9669.4
2020-05-19 00:00:00,9719.37
2020-05-20 00:00:00,9785.74
2020-05-21 00:00:00,9510.67
2020-05-22 00:00:00,9057.57
2020-05-23 00:00:00,9167.26
2020-05-24 00:00:00,9178.32
2020-05-25 00:00:00,8730.73
2020-05-26 00:00:00,8899.66
2020-05-27 00:00:00,8842.85
2020-05-28 00:00:00,9197.54
2020-05-29 00:00:00,9569.21
2020-05-30 00:00:00,9425.98
2020-05-31 00:00:00,9698.1
2020-06-01 00:00:00,9450.84
2020-06-02 00:00:00,10204.23
2020-06-03 00:00:00,9525.57
2020-06-04 00:00:00,9658.04
2020-06-05 00:00:00,9794.56
2020-06-06 00:00:00,9623.75
2020-06-07 00:00:00,9670.43
2020-06-08 00:00:00,9753.85
2020-06-09 00:00:00,9782.59
2020-06-10 00:00:00,9775.15
2020-06-11 00:00:00,9892.13
2020-06-12 00:00:00,9286.42
2020-06-13 00:00:00,9459.97
2020-06-14 00:00:00,9473.5
2020-06-15 00:00:00,9330.07
2020-06-16 00:00:00,9426.7
2020-06-17 00:00:00,9526.0
2020-06-18 00:00:00,9454.81
2020-06-19 00:00:00,9380.03
2020-06-20 00:00:00,9300.15
2020-06-21 00:00:00,9357.43
2020-06-22 00:00:00,9284.78
2020-06-23 00:00:00,9691.9
2020-06-24 00:00:00,9621.49
2020-06-25 00:00:00,9276.58
2020-06-26 00:00:00,9240.85
2020-06-27 00:00:00,9154.45
2020-06-28 00:00:00,9004.23
2020-06-29 00:00:00,9127.47
2020-06-30 00:00:00,9185.35
2020-07-01 00:00:00,9133.97
2020-07-02 00:00:00,9236.38
2020-07-03 00:00:00,9087.98
2020-07-04 00:00:00,9072.42
2020-07-05 00:00:00,9131.31
2020-07-06 00:00:00,9089.09
2020-07-07 00:00:00,9348.91
2020-07-08 00:00:00,9256.23
2020-07-09 00:00:00,9440.07
2020-07-10 00:00:00,9238.04
2020-07-11 00:00:00,9287.4
2020-07-12 00:00:00,9235.96
2020-07-13 00:00:00,9295.9
2020-07-14 00:00:00,9238.13
2020-07-15 00:00:00,9254.52
2020-07-16 00:00:00,9193.51
2020-07-17 00:00:00,9131.0
2020-07-18 00:00:00,9154.19
2020-07-19 00:00:00,9174.71
2020-07-20 00:00:00,9214.66
2020-07-21 00:00:00,9163.87
2020-07-22 00:00:00,9392.66
2020-07-23 00:00:00,9537.4
2020-07-24 00:00:00,9613.11
2020-07-25 00:00:00,9551.28
2020-07-26 00:00:00,9707.5
2020-07-27 00:00:00,9938.83
2020-07-28 00:00:00,11042.4
2020-07-29 00:00:00,10934.94
2020-07-30 00:00:00,11102.67
2020-07-31 00:00:00,11114.93
2020-08-01 00:00:00,11343.88
2020-08-02 00:00:00,11823.69
2020-08-03 00:00:00,11077.77
2020-08-04 00:00:00,11242.57
2020-08-05 00:00:00,11194.25
2020-08-06 00:00:00,11750.28
2020-08-07 00:00:00,11772.94
2020-08-08 00:00:00,11605.6
2020-08-09 00:00:00,11767.6
2020-08-10 00:00:00,11684.06
2020-08-11 00:00:00,11893.03
2020-08-12 00:00:00,11392.43
2020-08-13 00:00:00,11573.11
2020-08-14 00:00:00,11777.43
2020-08-15 00:00:00,11774.38
2020-08-16 00:00:00,11873.98
2020-08-17 00:00:00,11914.01
2020-08-18 00:00:00,12293.72
2020-08-19 00:00:00,11969.53
2020-08-20 00:00:00,11734.0
2020-08-21 00:00:00,11865.82
2020-08-22 00:00:00,11522.8
2020-08-23 00:00:00,11683.44
2020-08-24 00:00:00,11653.02
2020-08-25 00:00:00,11763.93
2020-08-26 00:00:00,11337.4
2020-08-27 00:00:00,11467.37
2020-08-28 00:00:00,11302.01
2020-08-29 00:00:00,11534.75
2020-08-30 00:00:00,11481.64
2020-08-31 00:00:00,11707.78
2020-09-01 00:00:00,11659.57
2020-09-02 00:00:00,11923.25
2020-09-03 00:00:00,11397.44
2020-09-04 00:00:00,10187.51
2020-09-05 00:00:00,10467.89
2020-09-06 00:00:00,10159.62
2020-09-07 00:00:00,10254.93
2020-09-08 00:00:00,10367.74
2020-09-09 00:00:00,10121.52
2020-09-10 00:00:00,10227.83
2020-09-11 00:00:00,10352.66
2020-09-12 00:00:00,10395.44
2020-09-13 00:00:00,10446.44
2020-09-14 00:00:00,10330.77
2020-09-15 00:00:00,10674.64
2020-09-16 00:00:00,10785.62
2020-09-17 00:00:00,10948.43
2020-09-18 00:00:00,10943.89
2020-09-19 00:00:00,10931.79
2020-09-20 00:00:00,11081.43
2020-09-21 00:00:00,10919.65
2020-09-22 00:00:00,10430.46
2020-09-23 00:00:00,10532.22
2020-09-24 00:00:00,10234.48
2020-09-25 00:00:00,10732.43
2020-09-26 00:00:00,10692.84
2020-09-27 00:00:00,10732.4
2020-09-28 00:00:00,10774.24
2020-09-29 00:00:00,10692.33
2020-09-30 00:00:00,10840.8
2020-10-01 00:00:00,10777.92
2020-10-02 00:00:00,10619.24
2020-10-03 00:00:00,10575.06
2020-10-04 00:00:00,10551.77
2020-10-05 00:00:00,10673.46
2020-10-06 00:00:00,10788.56
2020-10-07 00:00:00,10603.74
2020-10-08 00:00:00,10670.8
2020-10-09 00:00:00,10923.3
2020-10-10 00:00:00,11063.19
2020-10-11 00:00:00,11302.67
2020-10-12 00:00:00,11376.61
2020-10-13 00:00:00,11540.04
2020-10-14 00:00:00,11428.24
2020-10-15 00:00:00,11431.32
2020-10-16 00:00:00,11503.73
2020-10-17 00:00:00,11327.57
2020-10-18 00:00:00,11366.51
2020-10-19 00:00:00,11508.2
2020-10-20 00:00:00,11758.16
2020-10-21 00:00:00,11925.46
2020-10-22 00:00:00,12831.56
2020-10-23 00:00:00,12990.25
2020-10-24 00:00:00,12944.52
2020-10-25 00:00:00,13128.46
2020-10-26 00:00:00,13036.77
2020-10-27 00:00:00,13076.37
2020-10-28 00:00:00,13651.47
2020-10-29 00:00:00,13289.0
2020-10-30 00:00:00,13458.66
2020-10-31 00:00:00,13564.72
2020-11-01 00:00:00,13810.32
2020-11-02 00:00:00,13758.88
2020-11-03 00:00:00,13575.17
2020-11-04 00:00:00,14023.31
2020-11-05 00:00:00,14155.59
2020-11-06 00:00:00,15591.39
2020-11-07 00:00:00,15595.77
2020-11-08 00:00:00,14839.84
2020-11-09 00:00:00,15490.6
2020-11-10 00:00:00,15328.53
2020-11-11 00:00:00,15317.04
2020-11-12 00:00:00,15708.65
2020-11-13 00:00:00,16295.57
2020-11-14 00:00:00,16339.33
2020-11-15 00:00:00,16091.07
2020-11-16 00:00:00,15968.16
2020-11-17 00:00:00,16725.15
2020-11-18 00:00:00,17679.72
2020-11-19 00:00:00,17798.45
2020-11-20 00:00:00,17820.57
2020-11-21 00:00:00,18687.45
2020-11-22 00:00:00,18699.75
2020-11-23 00:00:00,18422.28
2020-11-24 00:00:00,18398.91
2020-11-25 00:00:00,19172.52
2020-11-26 00:00:00,18739.8
2020-11-27 00:00:00,17151.44
2020-11-28 00:00:00,17138.87
2020-11-29 00:00:00,17732.42
2020-11-30 00:00:00,18191.6
2020-12-01 00:00:00,19709.73
2020-12-02 00:00:00,18792.52
2020-12-03 00:00:00,19226.97
2020-12-04 00:00:00,19454.54
2020-12-05 00:00:00,18670.49
2020-12-06 00:00:00,19155.06
2020-12-07 00:00:00,19377.66
2020-12-08 00:00:00,19181.41
2020-12-09 00:00:00,18318.87
2020-12-10 00:00:00,18554.15
2020-12-11 00:00:00,18247.76
2020-12-12 00:00:00,18029.36
2020-12-13 00:00:00,18803.44
2020-12-14 00:00:00,19164.48
2020-12-15 00:00:00,19276.59
2020-12-16 00:00:00,19439.75
2020-12-17 00:00:00,21379.48
2020-12-18 00:00:00,22847.46
2020-12-19 00:00:00,23150.79
2020-12-20 00:00:00,23869.92
2020-12-21 00:00:00,23490.58
2020-12-22 00:00:00,22745.48
2020-12-23 00:00:00,23824.99
2020-12-24 00:00:00,23253.37
2020-12-25 00:00:00,23715.53
2020-12-26 00:00:00,24693.58
2020-12-27 00:00:00,26443.21
2020-12-28 00:00:00,26246.58
2020-12-29 00:00:00,27036.69
2020-12-30 00:00:00,27376.37
2020-12-31 00:00:00,28856.59
2021-01-01 00:00:00,28982.56
2021-01-02 00:00:00,29393.75
2021-01-03 00:00:00,32195.46
2021-01-04 00:00:00,33000.78
2021-01-05 00:00:00,32035.03
2021-01-06 00:00:00,34046.67
2021-01-07 00:00:00,36860.41
2021-01-08 00:00:00,39486.04
2021-01-09 00:00:00,40670.25
2021-01-10 00:00:00,40240.72
2021-01-11 00:00:00,38240.09
2021-01-12 00:00:00,35544.94
2021-01-13 00:00:00,34011.82
2021-01-14 00:00:00,37393.13
2021-01-15 00:00:00,39158.47
2021-01-16 00:00:00,36828.52
2021-01-17 00:00:00,36065.2
2021-01-18 00:00:00,35793.01
2021-01-19 00:00:00,36632.35
2021-01-20 00:00:00,36020.13
2021-01-21 00:00:00,35538.98
2021-01-22 00:00:00,30797.88
2021-01-23 00:00:00,33002.38
2021-01-24 00:00:00,32099.74
2021-01-25 00:00:00,32276.84
2021-01-26 00:00:00,32243.26
2021-01-27 00:00:00,32541.8
2021-01-28 00:00:00,30419.17
2021-01-29 00:00:00,33403.17
2021-01-30 00:00:00,34314.26
2021-01-31 00:00:00,34318.1
2021-02-01 00:00:00,33136.46
2021-02-02 00:00:00,33522.9
2021-02-03 00:00:00,35529.66
2021-02-04 00:00:00,37676.25
2021-02-05 00:00:00,37002.09
2021-02-06 00:00:00,38278.61
2021-02-07 00:00:00,39323.26
2021-02-08 00:00:00,38928.1
2021-02-09 00:00:00,46364.3
2021-02-10 00:00:00,46589.58
2021-02-11 00:00:00,44878.17
2021-02-12 00:00:00,48013.38
2021-02-13 00:00:00,47471.4
2021-02-14 00:00:00,47185.19
2021-02-15 00:00:00,48720.37
2021-02-16 00:00:00,47951.85
2021-02-17 00:00:00,49160.1
2021-02-18 00:00:00,52118.23
2021-02-19 00:00:00,51608.15
2021-02-20 00:00:00,55916.5
2021-02-21 00:00:00,56001.2
2021-02-22 00:00:00,57487.86
2021-02-23 00:00:00,54123.4
2021-02-24 00:00:00,48880.43
2021-02-25 00:00:00,50624.84
2021-02-26 00:00:00,46800.42
2021-02-27 00:00:00,46340.31
2021-02-28 00:00:00,46155.87
2021-03-01 00:00:00,45113.92
2021-03-02 00:00:00,49618.43
2021-03-03 00:00:00,48356.04
2021-03-04 00:00:00,50477.7
2021-03-05 00:00:00,48448.91
2021-03-06 00:00:00,48861.38
2021-03-07 00:00:00,48881.59
2021-03-08 00:00:00,51169.7
2021-03-09 00:00:00,52299.33
2021-03-10 00:00:00,54881.52
2021-03-11 00:00:00,55997.23
2021-03-12 00:00:00,57764.0
2021-03-13 00:00:00,57253.28
2021-03-14 00:00:00,61258.73
2021-03-15 00:00:00,59133.47
2021-03-16 00:00:00,55754.72
2021-03-17 00:00:00,56872.38
2021-03-18 00:00:00,58913.0
2021-03-19 00:00:00,57665.9
2021-03-20 00:00:00,58075.1
2021-03-21 00:00:00,58085.8
2021-03-22 00:00:00,57411.17
2021-03-23 00:00:00,54204.96
2021-03-24 00:00:00,54477.46
2021-03-25 00:00:00,52508.23
2021-03-26 00:00:00,51415.92
2021-03-27 00:00:00,55074.47
2021-03-28 00:00:00,55863.93
2021-03-29 00:00:00,55783.71
2021-03-30 00:00:00,57627.67
2021-03-31 00:00:00,58730.13
2021-04-01 00:00:00,58735.25
2021-04-02 00:00:00,58736.92
2021-04-03 00:00:00,59031.32
2021-04-04 00:00:00,57076.49
2021-04-05 00:00:00,58206.55
2021-04-06 00:00:00,59054.1
2021-04-07 00:00:00,58020.46
2021-04-08 00:00:00,55947.27
2021-04-09 00:00:00,58048.59
2021-04-10 00:00:00,58102.58
2021-04-11 00:00:00,59774.0
2021-04-12 00:00:00,59964.87
2021-04-13 00:00:00,59834.74
2021-04-14 00:00:00,63554.44
2021-04-15 00:00:00,62969.12
2021-04-16 00:00:00,63252.63
2021-04-17 00:00:00,61455.98
2021-04-18 00:00:00,60087.09
2021-04-19 00:00:00,56251.48
2021-04-20 00:00:00,55703.14
2021-04-21 00:00:00,56507.91
2021-04-22 00:00:00,53808.8
2021-04-23 00:00:00,51731.71
2021-04-24 00:00:00,51153.13
2021-04-25 00:00:00,50110.53
2021-04-26 00:00:00,49075.58
2021-04-27 00:00:00,54056.64
2021-04-28 00:00:00,55071.46
2021-04-29 00:00:00,54884.1
2021-04-30 00:00:00,53584.15
2021-05-01 00:00:00,57796.62
2021-05-02 00:00:00,57857.5
2021-05-03 00:00:00,56610.46
2021-05-04 00:00:00,57213.33
2021-05-05 00:00:00,53241.72
2021-05-06 00:00:00,57473.23
2021-05-07 00:00:00,56428.16
2021-05-08 00:00:00,57380.27
2021-05-09 00:00:00,58928.81
2021-05-10 00:00:00,58280.73
2021-05-11 00:00:00,55883.5
2021-05-12 00:00:00,56750.0
2021-05-13 00:00:00,49007.09
2021-05-14 00:00:00,49702.27
2021-05-15 00:00:00,49922.52
2021-05-16 00:00:00,46736.58
2021-05-17 00:00:00,46441.64
2021-05-18 00:00:00,43596.24
2021-05-19 00:00:00,42912.19
2021-05-20 00:00:00,36964.27
2021-05-21 00:00:00,40784.32
2021-05-22 00:00:00,37280.35
2021-05-23 00:00:00,37528.3
2021-05-24 00:00:00,34754.54
2021-05-25 00:00:00,38728.59
2021-05-26 00:00:00,38410.5
2021-05-27 00:00:00,39266.04
2021-05-28 00:00:00,38445.29
2021-05-29 00:00:00,35689.62
2021-05-30 00:00:00,34647.67
2021-05-31 00:00:00,35684.59
2021-06-01 00:00:00,37310.54
2021-06-02 00:00:00,36662.64
2021-06-03 00:00:00,37585.24
2021-06-04 00:00:00,39188.59
2021-06-05 00:00:00,36885.51
2021-06-06 00:00:00,35530.38
2021-06-07 00:00:00,35816.17
2021-06-08 00:00:00,33514.87
2021-06-09 00:00:00,33450.19
2021-06-10 00:00:00,37338.36
2021-06-11 00:00:00,36704.57
2021-06-12 00:00:00,37313.18
2021-06-13 00:00:00,35494.9
2021-06-14 00:00:00,39066.82
2021-06-15 00:00:00,40525.8
2021-06-16 00:00:00,40188.56
2021-06-17 00:00:00,38324.87
2021-06-18 00:00:00,38068.04
2021-06-19 00:00:00,35729.82
2021-06-20 00:00:00,35524.17
2021-06-21 00:00:00,35592.35
2021-06-22 00:00:00,31686.55
2021-06-23 00:00:00,32447.59
2021-06-24 00:00:00,33674.66
2021-06-25 00:00:00,34639.38
2021-06-26 00:00:00,31640.58
2021-06-27 00:00:00,32160.91
2021-06-28 00:00:00,34644.45
2021-06-29 00:00:00,34456.67
2021-06-30 00:00:00,35847.7
2021-07-01 00:00:00,35047.36
2021-07-02 00:00:00,33536.88
2021-07-03 00:00:00,33856.86
2021-07-04 00:00:00,34688.98
2021-07-05 00:00:00,35309.3
2021-07-06 00:00:00,33747.97
2021-07-07 00:00:00,34211.01
2021-07-08 00:00:00,33839.04
2021-07-09 00:00:00,32877.41
2021-07-10 00:00:00,33818.52
2021-07-11 00:00:00,33515.57
2021-07-12 00:00:00,34227.64
2021-07-13 00:00:00,33158.25
2021-07-14 00:00:00,32686.56
2021-07-15 00:00:00,32814.61
2021-07-16 00:00:00,31738.59
2021-07-17 00:00:00,31421.25
2021-07-18 00:00:00,31520.66
2021-07-19 00:00:00,31783.49
2021-07-20 00:00:00,30815.94
2021-07-21 00:00:00,29790.24
2021-07-22 00:00:00,32118.06
2021-07-23 00:00:00,32297.89
2021-07-24 00:00:00,33581.63
2021-07-25 00:00:00,34279.34
2021-07-26 00:00:00,35365.2
2021-07-27 00:00:00,37318.14
2021-07-28 00:00:00,39405.95
2021-07-29 00:00:00,40002.53
2021-07-30 00:00:00,40005.93
2021-07-31 00:00:00,42214.15
2021-08-01 00:00:00,41659.06
2021-08-02 00:00:00,40000.46
2021-08-03 00:00:00,39193.94
2021-08-04 00:00:00,38138.0
2021-08-05 00:00:00,39750.14
2021-08-06 00:00:00,40882.0
2021-08-07 00:00:00,42825.95
2021-08-08 00:00:00,44634.13
2021-08-09 00:00:00,43816.14
2021-08-10 00:00:00,46333.46
2021-08-11 00:00:00,45608.37
2021-08-12 00:00:00,45611.46
2021-08-13 00:00:00,44417.78
2021-08-14 00:00:00,47833.98
2021-08-15 00:00:00,47112.19
2021-08-16 00:00:00,47056.41
2021-08-17 00:00:00,45982.55
2021-08-18 00:00:00,44648.57
2021-08-19 00:00:00,44777.86
2021-08-20 00:00:00,46734.65
2021-08-21 00:00:00,49327.75
2021-08-22 00:00:00,48932.02
2021-08-23 00:00:00,49335.68
2021-08-24 00:00:00,49523.5
2021-08-25 00:00:00,47744.58
2021-08-26 00:00:00,48972.09
2021-08-27 00:00:00,46962.8
2021-08-28 00:00:00,49056.86
2021-08-29 00:00:00,48897.65
2021-08-30 00:00:00,48806.78
2021-08-31 00:00:00,47074.77
2021-09-01 00:00:00,47155.87
2021-09-02 00:00:00,48862.76
2021-09-03 00:00:00,49329.01
2021-09-04 00:00:00,50035.33
2021-09-05 00:00:00,49947.38
2021-09-06 00:00:00,51769.06
2021-09-07 00:00:00,52677.4
2021-09-08 00:00:00,46809.17
2021-09-09 00:00:00,46078.38
2021-09-10 00:00:00,46368.69
