date,gold value
2016-09-12,1323.65
2016-09-13,1323.65
2016-09-14,1321.75
2016-09-15,1310.8
2016-09-16,1308.35
2016-09-17,1308.35
2016-09-18,1308.35
2016-09-19,1314.85
2016-09-20,1313.8
2016-09-21,1326.1
2016-09-22,1339.1
2016-09-23,1338.65
2016-09-24,1338.65
2016-09-25,1338.65
2016-09-26,1340.5
2016-09-27,1327.0
2016-09-28,1322.5
2016-09-29,1318.1
2016-09-30,1322.5
2016-10-01,1322.5
2016-10-02,1322.5
2016-10-03,1313.3
2016-10-04,1283.3
2016-10-05,1269.4
2016-10-06,1254.5
2016-10-07,1258.75
2016-10-08,1258.75
2016-10-09,1258.75
2016-10-10,1259.5
2016-10-11,1253.45
2016-10-12,1256.5
2016-10-13,1261.05
2016-10-14,1251.75
2016-10-15,1251.75
2016-10-16,1251.75
2016-10-17,1254.8
2016-10-18,1258.2
2016-10-19,1269.05
2016-10-20,1271.65
2016-10-21,1266.05
2016-10-22,1266.05
2016-10-23,1266.05
2016-10-24,1265.55
2016-10-25,1269.4
2016-10-26,1270.5
2016-10-27,1266.25
2016-10-28,1273.0
2016-10-29,1273.0
2016-10-30,1273.0
2016-10-31,1272.0
2016-11-01,1288.45
2016-11-02,1303.75
2016-11-03,1301.0
2016-11-04,1302.8
2016-11-05,1302.8
2016-11-06,1302.8
2016-11-07,1283.05
2016-11-08,1282.35
2016-11-09,1281.4
2016-11-10,1267.5
2016-11-11,1236.45
2016-11-12,1236.45
2016-11-13,1236.45
2016-11-14,1213.6
2016-11-15,1226.95
2016-11-16,1229.2
2016-11-17,1226.75
2016-11-18,1211.0
2016-11-19,1211.0
2016-11-20,1211.0
2016-11-21,1214.25
2016-11-22,1212.25
2016-11-23,1185.35
2016-11-24,1186.1
2016-11-25,1187.7
2016-11-26,1187.7
2016-11-27,1187.7
2016-11-28,1187.0
2016-11-29,1186.55
2016-11-30,1178.1
2016-12-01,1161.85
2016-12-02,1173.5
2016-12-03,1173.5
2016-12-04,1173.5
2016-12-05,1162.2
2016-12-06,1172.5
2016-12-07,1177.65
2016-12-08,1171.05
2016-12-09,1163.6
2016-12-10,1163.6
2016-12-11,1163.6
2016-12-12,1156.1
2016-12-13,1158.55
2016-12-14,1162.25
2016-12-15,1126.95
2016-12-16,1131.6
2016-12-17,1131.6
2016-12-18,1131.6
2016-12-19,1136.25
2016-12-20,1125.7
2016-12-21,1133.65
2016-12-22,1131.35
2016-12-23,1128.525
2016-12-24,1128.525
2016-12-25,1128.525
2016-12-26,1128.525
2016-12-27,1128.525
2016-12-28,1134.6
2016-12-29,1145.9
2016-12-30,1137.2125
2016-12-31,1137.2125
2017-01-01,1137.2125
2017-01-02,1137.2125
2017-01-03,1151.0
2017-01-04,1164.25
2017-01-05,1176.7
2017-01-06,1175.85
2017-01-07,1175.85
2017-01-08,1175.85
2017-01-09,1178.5
2017-01-10,1189.5
2017-01-11,1178.55
2017-01-12,1205.05
2017-01-13,1190.35
2017-01-14,1190.35
2017-01-15,1190.35
2017-01-16,1203.0
2017-01-17,1216.05
2017-01-18,1214.75
2017-01-19,1196.05
2017-01-20,1200.55
2017-01-21,1200.55
2017-01-22,1200.55
2017-01-23,1212.85
2017-01-24,1216.8
2017-01-25,1195.0
2017-01-26,1189.7
2017-01-27,1184.85
2017-01-28,1184.85
2017-01-29,1184.85
2017-01-30,1192.8
2017-01-31,1212.8
2017-02-01,1203.65
2017-02-02,1221.95
2017-02-03,1215.2
2017-02-04,1215.2
2017-02-05,1215.2
2017-02-06,1226.75
2017-02-07,1231.0
2017-02-08,1242.1
2017-02-09,1236.8
2017-02-10,1228.3
2017-02-11,1228.3
2017-02-12,1228.3
2017-02-13,1222.25
2017-02-14,1230.75
2017-02-15,1224.4
2017-02-16,1240.55
2017-02-17,1241.95
2017-02-18,1241.95
2017-02-19,1241.95
2017-02-20,1237.3
2017-02-21,1233.2
2017-02-22,1236.65
2017-02-23,1247.9
2017-02-24,1253.65
2017-02-25,1253.65
2017-02-26,1253.65
2017-02-27,1257.2
2017-02-28,1255.6
2017-03-01,1240.4
2017-03-02,1238.1
2017-03-03,1226.5
2017-03-04,1226.5
2017-03-05,1226.5
2017-03-06,1230.95
2017-03-07,1216.65
2017-03-08,1209.2
2017-03-09,1206.55
2017-03-10,1202.65
2017-03-11,1202.65
2017-03-12,1202.65
2017-03-13,1204.2
2017-03-14,1204.6
2017-03-15,1198.8
2017-03-16,1229.35
2017-03-17,1229.6
2017-03-18,1229.6
2017-03-19,1229.6
2017-03-20,1232.4
2017-03-21,1241.6
2017-03-22,1249.05
2017-03-23,1247.5
2017-03-24,1247.5
2017-03-25,1247.5
2017-03-26,1247.5
2017-03-27,1257.55
2017-03-28,1257.25
2017-03-29,1251.1
2017-03-30,1248.8
2017-03-31,1244.85
2017-04-01,1244.85
2017-04-02,1244.85
2017-04-03,1247.25
2017-04-04,1257.65
2017-04-05,1245.8
2017-04-06,1252.5
2017-04-07,1266.45
2017-04-08,1266.45
2017-04-09,1266.45
2017-04-10,1250.05
2017-04-11,1252.9
2017-04-12,1274.3
2017-04-13,1284.15
2017-04-14,1284.15
2017-04-15,1284.15
2017-04-16,1284.15
2017-04-17,1284.15
2017-04-18,1278.95
2017-04-19,1279.05
2017-04-20,1282.1
2017-04-21,1281.85
2017-04-22,1281.85
2017-04-23,1281.85
2017-04-24,1269.4
2017-04-25,1267.8
2017-04-26,1261.85
2017-04-27,1262.8
2017-04-28,1266.45
2017-04-29,1266.45
2017-04-30,1266.45
2017-05-01,1266.45
2017-05-02,1255.45
2017-05-03,1250.3
2017-05-04,1228.45
2017-05-05,1228.05
2017-05-06,1228.05
2017-05-07,1228.05
2017-05-08,1229.8
2017-05-09,1220.4
2017-05-10,1222.95
2017-05-11,1223.15
2017-05-12,1231.25
2017-05-13,1231.25
2017-05-14,1231.25
2017-05-15,1233.3
2017-05-16,1234.2
2017-05-17,1257.4
2017-05-18,1255.9
2017-05-19,1252.0
2017-05-20,1252.0
2017-05-21,1252.0
2017-05-22,1258.85
2017-05-23,1260.2
2017-05-24,1252.55
2017-05-25,1256.95
2017-05-26,1265.05
2017-05-27,1265.05
2017-05-28,1265.05
2017-05-29,1265.05
2017-05-30,1262.7
2017-05-31,1266.2
2017-06-01,1264.85
2017-06-02,1274.95
2017-06-03,1274.95
2017-06-04,1274.95
2017-06-05,1279.95
2017-06-06,1293.5
2017-06-07,1291.0
2017-06-08,1273.1
2017-06-09,1266.55
2017-06-10,1266.55
2017-06-11,1266.55
2017-06-12,1266.4
2017-06-13,1262.0
2017-06-14,1275.5
2017-06-15,1254.55
2017-06-16,1255.4
2017-06-17,1255.4
2017-06-18,1255.4
2017-06-19,1248.15
2017-06-20,1242.2
2017-06-21,1242.5
2017-06-22,1250.8
2017-06-23,1255.7
2017-06-24,1255.7
2017-06-25,1255.7
2017-06-26,1245.25
2017-06-27,1249.55
2017-06-28,1248.0
2017-06-29,1243.5
2017-06-30,1242.25
2017-07-01,1242.25
2017-07-02,1242.25
2017-07-03,1229.25
2017-07-04,1223.75
2017-07-05,1220.3
2017-07-06,1224.9
2017-07-07,1215.65
2017-07-08,1215.65
2017-07-09,1215.65
2017-07-10,1211.9
2017-07-11,1211.05
2017-07-12,1218.8
2017-07-13,1218.9
2017-07-14,1230.3
2017-07-15,1230.3
2017-07-16,1230.3
2017-07-17,1234.1
2017-07-18,1240.75
2017-07-19,1242.15
2017-07-20,1238.7
2017-07-21,1248.55
2017-07-22,1248.55
2017-07-23,1248.55
2017-07-24,1255.55
2017-07-25,1254.4
2017-07-26,1248.1
2017-07-27,1261.1
2017-07-28,1264.9
2017-07-29,1264.9
2017-07-30,1264.9
2017-07-31,1267.55
2017-08-01,1270.95
2017-08-02,1269.6
2017-08-03,1268.1
2017-08-04,1257.7
2017-08-05,1257.7
2017-08-06,1257.7
2017-08-07,1258.0
2017-08-08,1261.8
2017-08-09,1271.05
2017-08-10,1284.4
2017-08-11,1286.1
2017-08-12,1286.1
2017-08-13,1286.1
2017-08-14,1282.3
2017-08-15,1270.3
2017-08-16,1272.75
2017-08-17,1285.15
2017-08-18,1295.8
2017-08-19,1295.8
2017-08-20,1295.8
2017-08-21,1292.9
2017-08-22,1284.2
2017-08-23,1286.65
2017-08-24,1289.0
2017-08-25,1285.3
2017-08-26,1285.3
2017-08-27,1285.3
2017-08-28,1285.3
2017-08-29,1318.65
2017-08-30,1308.5
2017-08-31,1311.75
2017-09-01,1320.4
2017-09-02,1320.4
2017-09-03,1320.4
2017-09-04,1333.1
2017-09-05,1335.55
2017-09-06,1337.85
2017-09-07,1343.5
2017-09-08,1346.25
2017-09-09,1346.25
2017-09-10,1346.25
2017-09-11,1334.2
2017-09-12,1326.5
2017-09-13,1327.55
2017-09-14,1324.55
2017-09-15,1322.85
2017-09-16,1322.85
2017-09-17,1322.85
2017-09-18,1312.1
2017-09-19,1309.6
2017-09-20,1311.3
2017-09-21,1292.1
2017-09-22,1294.8
2017-09-23,1294.8
2017-09-24,1294.8
2017-09-25,1293.3
2017-09-26,1300.05
2017-09-27,1282.55
2017-09-28,1283.35
2017-09-29,1283.1
2017-09-30,1283.1
2017-10-01,1283.1
2017-10-02,1273.7
2017-10-03,1271.25
2017-10-04,1274.25
2017-10-05,1274.5
2017-10-06,1261.8
2017-10-07,1261.8
2017-10-08,1261.8
2017-10-09,1278.75
2017-10-10,1291.4
2017-10-11,1289.25
2017-10-12,1290.25
2017-10-13,1299.6
2017-10-14,1299.6
2017-10-15,1299.6
2017-10-16,1303.3
2017-10-17,1284.75
2017-10-18,1280.2
2017-10-19,1286.4
2017-10-20,1281.2
2017-10-21,1281.2
2017-10-22,1281.2
2017-10-23,1274.9
2017-10-24,1276.45
2017-10-25,1275.0
2017-10-26,1273.75
2017-10-27,1266.45
2017-10-28,1266.45
2017-10-29,1266.45
2017-10-30,1272.0
2017-10-31,1270.15
2017-11-01,1277.05
2017-11-02,1279.2
2017-11-03,1267.2
2017-11-04,1267.2
2017-11-05,1267.2
2017-11-06,1270.9
2017-11-07,1275.6
2017-11-08,1284.0
2017-11-09,1284.8
2017-11-10,1284.3
2017-11-11,1284.3
2017-11-12,1284.3
2017-11-13,1277.95
2017-11-14,1274.6
2017-11-15,1282.2
2017-11-16,1280.0
2017-11-17,1284.35
2017-11-18,1284.35
2017-11-19,1284.35
2017-11-20,1286.2
2017-11-21,1283.3
2017-11-22,1286.95
2017-11-23,1290.35
2017-11-24,1290.5
2017-11-25,1290.5
2017-11-26,1290.5
2017-11-27,1294.9
2017-11-28,1291.85
2017-11-29,1283.85
2017-11-30,1280.2
2017-12-01,1275.5
2017-12-02,1275.5
2017-12-03,1275.5
2017-12-04,1273.45
2017-12-05,1266.3
2017-12-06,1263.7
2017-12-07,1255.0
2017-12-08,1250.65
2017-12-09,1250.65
2017-12-10,1250.65
2017-12-11,1247.15
2017-12-12,1240.9
2017-12-13,1242.65
2017-12-14,1251.0
2017-12-15,1254.6
2017-12-16,1254.6
2017-12-17,1254.6
2017-12-18,1260.6
2017-12-19,1260.35
2017-12-20,1264.55
2017-12-21,1264.55
2017-12-22,1262.4499999999998
2017-12-23,1262.4499999999998
2017-12-24,1262.4499999999998
2017-12-25,1262.4499999999998
2017-12-26,1262.4499999999998
2017-12-27,1279.4
2017-12-28,1291.0
2017-12-29,1276.725
2017-12-30,1276.725
2017-12-31,1276.725
2018-01-01,1276.725
2018-01-02,1312.05
2018-01-03,1314.9
2018-01-04,1314.5
2018-01-05,1317.15
2018-01-06,1317.15
2018-01-07,1317.15
2018-01-08,1319.95
2018-01-09,1311.0
2018-01-10,1319.75
2018-01-11,1323.05
2018-01-12,1326.8
2018-01-13,1326.8
2018-01-14,1326.8
2018-01-15,1339.25
2018-01-16,1333.85
2018-01-17,1335.65
2018-01-18,1332.2
2018-01-19,1334.95
2018-01-20,1334.95
2018-01-21,1334.95
2018-01-22,1332.6
2018-01-23,1333.4
2018-01-24,1353.7
2018-01-25,1354.95
2018-01-26,1353.15
2018-01-27,1353.15
2018-01-28,1353.15
2018-01-29,1343.85
2018-01-30,1344.9
2018-01-31,1345.05
2018-02-01,1341.35
2018-02-02,1331.15
2018-02-03,1331.15
2018-02-04,1331.15
2018-02-05,1333.6
2018-02-06,1331.4
2018-02-07,1324.65
2018-02-08,1315.45
2018-02-09,1314.1
2018-02-10,1314.1
2018-02-11,1314.1
2018-02-12,1322.3
2018-02-13,1325.35
2018-02-14,1336.25
2018-02-15,1352.45
2018-02-16,1352.1
2018-02-17,1352.1
2018-02-18,1352.1
2018-02-19,1346.6
2018-02-20,1339.85
2018-02-21,1330.5
2018-02-22,1328.35
2018-02-23,1327.95
2018-02-24,1327.95
2018-02-25,1327.95
2018-02-26,1333.5
2018-02-27,1325.75
2018-02-28,1317.85
2018-03-01,1307.75
2018-03-02,1322.3
2018-03-03,1322.3
2018-03-04,1322.3
2018-03-05,1320.4
2018-03-06,1331.4
2018-03-07,1329.4
2018-03-08,1321.0
2018-03-09,1320.6
2018-03-10,1320.6
2018-03-11,1320.6
2018-03-12,1319.15
2018-03-13,1322.75
2018-03-14,1323.55
2018-03-15,1318.75
2018-03-16,1310.1
2018-03-17,1310.1
2018-03-18,1310.1
2018-03-19,1312.4
2018-03-20,1311.0
2018-03-21,1321.35
2018-03-22,1329.15
2018-03-23,1346.6
2018-03-24,1346.6
2018-03-25,1346.6
2018-03-26,1352.4
2018-03-27,1341.45
2018-03-28,1332.45
2018-03-29,1323.85
2018-03-30,1323.85
2018-03-31,1323.85
2018-04-01,1323.85
2018-04-02,1323.85
2018-04-03,1333.45
2018-04-04,1337.3
2018-04-05,1327.7
2018-04-06,1331.2
2018-04-07,1331.2
2018-04-08,1331.2
2018-04-09,1331.95
2018-04-10,1338.95
2018-04-11,1350.75
2018-04-12,1341.35
2018-04-13,1343.7
2018-04-14,1343.7
2018-04-15,1343.7
2018-04-16,1349.35
2018-04-17,1342.1
2018-04-18,1351.45
2018-04-19,1348.6
2018-04-20,1336.75
2018-04-21,1336.75
2018-04-22,1336.75
2018-04-23,1324.3
2018-04-24,1328.85
2018-04-25,1321.65
2018-04-26,1320.7
2018-04-27,1321.5
2018-04-28,1321.5
2018-04-29,1321.5
2018-04-30,1313.2
2018-05-01,1307.1
2018-05-02,1304.2
2018-05-03,1315.05
2018-05-04,1309.4
2018-05-05,1309.4
2018-05-06,1309.4
2018-05-07,1309.4
2018-05-08,1306.6
2018-05-09,1313.85
2018-05-10,1318.8
2018-05-11,1324.35
2018-05-12,1324.35
2018-05-13,1324.35
2018-05-14,1319.85
2018-05-15,1295.0
2018-05-16,1291.25
2018-05-17,1289.5
2018-05-18,1288.3
2018-05-19,1288.3
2018-05-20,1288.3
2018-05-21,1288.35
2018-05-22,1293.05
2018-05-23,1289.0
2018-05-24,1304.85
2018-05-25,1303.5
2018-05-26,1303.5
2018-05-27,1303.5
2018-05-28,1303.5
2018-05-29,1295.5
2018-05-30,1300.7
2018-05-31,1305.35
2018-06-01,1294.6
2018-06-02,1294.6
2018-06-03,1294.6
2018-06-04,1295.45
2018-06-05,1292.05
2018-06-06,1300.1
2018-06-07,1297.25
2018-06-08,1298.25
2018-06-09,1298.25
2018-06-10,1298.25
2018-06-11,1299.6
2018-06-12,1298.65
2018-06-13,1296.15
2018-06-14,1302.75
2018-06-15,1285.25
2018-06-16,1285.25
2018-06-17,1285.25
2018-06-18,1281.55
2018-06-19,1276.15
2018-06-20,1274.2
2018-06-21,1266.15
2018-06-22,1269.15
2018-06-23,1269.15
2018-06-24,1269.15
2018-06-25,1268.7
2018-06-26,1260.3
2018-06-27,1254.6
2018-06-28,1251.55
2018-06-29,1250.45
2018-06-30,1250.45
2018-07-01,1250.45
2018-07-02,1247.8
2018-07-03,1251.75
2018-07-04,1255.65
2018-07-05,1255.5
2018-07-06,1255.35
2018-07-07,1255.35
2018-07-08,1255.35
2018-07-09,1262.05
2018-07-10,1254.0
2018-07-11,1251.4
2018-07-12,1245.9
2018-07-13,1241.7
2018-07-14,1241.7
2018-07-15,1241.7
2018-07-16,1241.1
2018-07-17,1232.8
2018-07-18,1224.5
2018-07-19,1217.55
2018-07-20,1228.75
2018-07-21,1228.75
2018-07-22,1228.75
2018-07-23,1224.95
2018-07-24,1228.35
2018-07-25,1231.5
2018-07-26,1228.25
2018-07-27,1223.95
2018-07-28,1223.95
2018-07-29,1223.95
2018-07-30,1223.8
2018-07-31,1220.95
2018-08-01,1219.0
2018-08-02,1215.45
2018-08-03,1216.3
2018-08-04,1216.3
2018-08-05,1216.3
2018-08-06,1209.65
2018-08-07,1212.35
2018-08-08,1209.55
2018-08-09,1214.35
2018-08-10,1214.4
2018-08-11,1214.4
2018-08-12,1214.4
2018-08-13,1200.35
2018-08-14,1197.0
2018-08-15,1182.0
2018-08-16,1180.4
2018-08-17,1178.4
2018-08-18,1178.4
2018-08-19,1178.4
2018-08-20,1184.35
2018-08-21,1190.95
2018-08-22,1196.65
2018-08-23,1192.35
2018-08-24,1197.7
2018-08-25,1197.7
2018-08-26,1197.7
2018-08-27,1197.7
2018-08-28,1212.25
2018-08-29,1204.2
2018-08-30,1197.3
2018-08-31,1202.45
2018-09-01,1202.45
2018-09-02,1202.45
2018-09-03,1200.05
2018-09-04,1190.85
2018-09-05,1196.7
2018-09-06,1205.15
2018-09-07,1198.9
2018-09-08,1198.9
2018-09-09,1198.9
2018-09-10,1196.6
2018-09-11,1189.85
2018-09-12,1195.6
2018-09-13,1209.8
2018-09-14,1201.95
2018-09-15,1201.95
2018-09-16,1201.95
2018-09-17,1201.9
2018-09-18,1200.2
2018-09-19,1203.3
2018-09-20,1208.35
2018-09-21,1198.7
2018-09-22,1198.7
2018-09-23,1198.7
2018-09-24,1202.75
2018-09-25,1201.9
2018-09-26,1194.25
2018-09-27,1185.4
2018-09-28,1187.25
2018-09-29,1187.25
2018-09-30,1187.25
2018-10-01,1189.35
2018-10-02,1204.7
2018-10-03,1201.2
2018-10-04,1203.45
2018-10-05,1203.8
2018-10-06,1203.8
2018-10-07,1203.8
2018-10-08,1186.95
2018-10-09,1185.55
2018-10-10,1188.6
2018-10-11,1205.55
2018-10-12,1219.75
2018-10-13,1219.75
2018-10-14,1219.75
2018-10-15,1229.95
2018-10-16,1230.7
2018-10-17,1229.05
2018-10-18,1223.0
2018-10-19,1227.85
2018-10-20,1227.85
2018-10-21,1227.85
2018-10-22,1222.3
2018-10-23,1235.95
2018-10-24,1230.55
2018-10-25,1230.8
2018-10-26,1233.85
2018-10-27,1233.85
2018-10-28,1233.85
2018-10-29,1230.8
2018-10-30,1225.4
2018-10-31,1214.95
2018-11-01,1231.15
2018-11-02,1232.1
2018-11-03,1232.1
2018-11-04,1232.1
2018-11-05,1232.25
2018-11-06,1231.6
2018-11-07,1229.95
2018-11-08,1224.15
2018-11-09,1211.4
2018-11-10,1211.4
2018-11-11,1211.4
2018-11-12,1205.55
2018-11-13,1202.1
2018-11-14,1203.25
2018-11-15,1211.85
2018-11-16,1222.4
2018-11-17,1222.4
2018-11-18,1222.4
2018-11-19,1221.6
2018-11-20,1223.0
2018-11-21,1226.1
2018-11-22,1227.05
2018-11-23,1223.65
2018-11-24,1223.65
2018-11-25,1223.65
2018-11-26,1223.4
2018-11-27,1221.2
2018-11-28,1213.25
2018-11-29,1226.25
2018-11-30,1217.55
2018-12-01,1217.55
2018-12-02,1217.55
2018-12-03,1230.3
2018-12-04,1240.3
2018-12-05,1235.9
2018-12-06,1242.55
2018-12-07,1243.3
2018-12-08,1243.3
2018-12-09,1243.3
2018-12-10,1245.35
2018-12-11,1245.3
2018-12-12,1245.75
2018-12-13,1242.75
2018-12-14,1235.35
2018-12-15,1235.35
2018-12-16,1235.35
2018-12-17,1241.65
2018-12-18,1246.3
2018-12-19,1255.0
2018-12-20,1259.75
2018-12-21,1258.15
2018-12-22,1258.15
2018-12-23,1258.15
2018-12-24,1256.575
2018-12-25,1256.575
2018-12-26,1256.575
2018-12-27,1268.0
2018-12-28,1279.0
2018-12-29,1279.0
2018-12-30,1279.0
2018-12-31,1267.7875
2019-01-01,1267.7875
2019-01-02,1282.9
2019-01-03,1290.45
2019-01-04,1279.9
2019-01-05,1279.9
2019-01-06,1279.9
2019-01-07,1292.2
2019-01-08,1286.45
2019-01-09,1288.6
2019-01-10,1291.9
2019-01-11,1288.95
2019-01-12,1288.95
2019-01-13,1288.95
2019-01-14,1292.75
2019-01-15,1294.4
2019-01-16,1292.3
2019-01-17,1290.7
2019-01-18,1284.2
2019-01-19,1284.2
2019-01-20,1284.2
2019-01-21,1279.55
2019-01-22,1282.1
2019-01-23,1279.8
2019-01-24,1283.7
2019-01-25,1293.9
2019-01-26,1293.9
2019-01-27,1293.9
2019-01-28,1302.15
2019-01-29,1307.55
2019-01-30,1310.7
2019-01-31,1323.25
2019-02-01,1318.7
2019-02-02,1318.7
2019-02-03,1318.7
2019-02-04,1312.15
2019-02-05,1314.2
2019-02-06,1312.4
2019-02-07,1310.0
2019-02-08,1314.85
2019-02-09,1314.85
2019-02-10,1314.85
2019-02-11,1306.4
2019-02-12,1310.0
2019-02-13,1312.8
2019-02-14,1311.45
2019-02-15,1316.55
2019-02-16,1316.55
2019-02-17,1316.55
2019-02-18,1325.5
2019-02-19,1334.15
2019-02-20,1343.75
2019-02-21,1331.25
2019-02-22,1329.05
2019-02-23,1329.05
2019-02-24,1329.05
2019-02-25,1331.05
2019-02-26,1325.05
2019-02-27,1322.85
2019-02-28,1319.15
2019-03-01,1311.95
2019-03-02,1311.95
2019-03-03,1311.95
2019-03-04,1285.4
2019-03-05,1283.8
2019-03-06,1285.85
2019-03-07,1285.3
2019-03-08,1296.75
2019-03-09,1296.75
2019-03-10,1296.75
2019-03-11,1292.75
2019-03-12,1297.05
2019-03-13,1306.95
2019-03-14,1295.55
2019-03-15,1303.5
2019-03-16,1303.5
2019-03-17,1303.5
2019-03-18,1305.6
2019-03-19,1307.7
2019-03-20,1303.7
2019-03-21,1309.6
2019-03-22,1311.3
2019-03-23,1311.3
2019-03-24,1311.3
2019-03-25,1319.55
2019-03-26,1316.3
2019-03-27,1309.7
2019-03-28,1295.15
2019-03-29,1295.4
2019-03-30,1295.4
2019-03-31,1295.4
2019-04-01,1293.5
2019-04-02,1290.3
2019-04-03,1290.45
2019-04-04,1283.15
2019-04-05,1288.45
2019-04-06,1288.45
2019-04-07,1288.45
2019-04-08,1300.0
2019-04-09,1303.0
2019-04-10,1305.45
2019-04-11,1298.8
2019-04-12,1294.3
2019-04-13,1294.3
2019-04-14,1294.3
2019-04-15,1285.65
2019-04-16,1276.35
2019-04-17,1275.85
2019-04-18,1275.7
2019-04-19,1275.7
2019-04-20,1275.7
2019-04-21,1275.7
2019-04-22,1275.7
2019-04-23,1269.5
2019-04-24,1271.65
2019-04-25,1280.8
2019-04-26,1284.2
2019-04-27,1284.2
2019-04-28,1284.2
2019-04-29,1279.5
2019-04-30,1282.3
2019-05-01,1283.8
2019-05-02,1270.95
2019-05-03,1278.55
2019-05-04,1278.55
2019-05-05,1278.55
2019-05-06,1278.55
2019-05-07,1281.2
2019-05-08,1285.2
2019-05-09,1286.1
2019-05-10,1287.1
2019-05-11,1287.1
2019-05-12,1287.1
2019-05-13,1295.6
2019-05-14,1298.4
2019-05-15,1299.1
2019-05-16,1291.7
2019-05-17,1280.8
2019-05-18,1280.8
2019-05-19,1280.8
2019-05-20,1276.85
2019-05-21,1271.15
2019-05-22,1273.8
2019-05-23,1283.65
2019-05-24,1282.5
2019-05-25,1282.5
2019-05-26,1282.5
2019-05-27,1282.5
2019-05-28,1278.3
2019-05-29,1281.65
2019-05-30,1280.95
2019-05-31,1295.55
2019-06-01,1295.55
2019-06-02,1295.55
2019-06-03,1317.1
2019-06-04,1324.25
2019-06-05,1335.05
2019-06-06,1335.5
2019-06-07,1340.65
2019-06-08,1340.65
2019-06-09,1340.65
2019-06-10,1328.6
2019-06-11,1324.3
2019-06-12,1332.35
2019-06-13,1335.9
2019-06-14,1351.25
2019-06-15,1351.25
2019-06-16,1351.25
2019-06-17,1341.3
2019-06-18,1341.35
2019-06-19,1344.05
2019-06-20,1379.5
2019-06-21,1397.15
2019-06-22,1397.15
2019-06-23,1397.15
2019-06-24,1405.7
2019-06-25,1431.4
2019-06-26,1403.95
2019-06-27,1402.5
2019-06-28,1409.0
2019-06-29,1409.0
2019-06-30,1409.0
2019-07-01,1390.1
2019-07-02,1391.05
2019-07-03,1413.5
2019-07-04,1414.9
2019-07-05,1388.65
2019-07-06,1388.65
2019-07-07,1388.65
2019-07-08,1400.1
2019-07-09,1391.55
2019-07-10,1408.3
2019-07-11,1413.75
2019-07-12,1407.6
2019-07-13,1407.6
2019-07-14,1407.6
2019-07-15,1412.4
2019-07-16,1409.85
2019-07-17,1410.35
2019-07-18,1417.45
2019-07-19,1439.7
2019-07-20,1439.7
2019-07-21,1439.7
2019-07-22,1427.75
2019-07-23,1425.55
2019-07-24,1426.95
2019-07-25,1416.1
2019-07-26,1420.4
2019-07-27,1420.4
2019-07-28,1420.4
2019-07-29,1419.05
2019-07-30,1425.9
2019-07-31,1427.55
2019-08-01,1406.8
2019-08-02,1441.75
2019-08-03,1441.75
2019-08-04,1441.75
2019-08-05,1465.25
2019-08-06,1465.25
2019-08-07,1506.05
2019-08-08,1495.75
2019-08-09,1497.7
2019-08-10,1497.7
2019-08-11,1497.7
2019-08-12,1504.7
2019-08-13,1498.4
2019-08-14,1513.25
2019-08-15,1515.65
2019-08-16,1515.25
2019-08-17,1515.25
2019-08-18,1515.25
2019-08-19,1496.6
2019-08-20,1504.55
2019-08-21,1503.25
2019-08-22,1502.05
2019-08-23,1503.8
2019-08-24,1503.8
2019-08-25,1503.8
2019-08-26,1503.8
2019-08-27,1532.95
2019-08-28,1537.15
2019-08-29,1540.2
2019-08-30,1528.4
2019-08-31,1528.4
2019-09-01,1528.4
2019-09-02,1525.95
2019-09-03,1537.85
2019-09-04,1546.1
2019-09-05,1529.1
2019-09-06,1523.7
2019-09-07,1523.7
2019-09-08,1523.7
2019-09-09,1509.2
2019-09-10,1498.25
2019-09-11,1490.65
2019-09-12,1515.2
2019-09-13,1503.1
2019-09-14,1503.1
2019-09-15,1503.1
2019-09-16,1497.2
2019-09-17,1502.1
2019-09-18,1503.5
2019-09-19,1500.7
2019-09-20,1501.9
2019-09-21,1501.9
2019-09-22,1501.9
2019-09-23,1522.1
2019-09-24,1520.65
2019-09-25,1528.75
2019-09-26,1506.4
2019-09-27,1489.9
2019-09-28,1489.9
2019-09-29,1489.9
2019-09-30,1485.3
2019-10-01,1473.45
2019-10-02,1492.6
2019-10-03,1517.1
2019-10-04,1499.15
2019-10-05,1499.15
2019-10-06,1499.15
2019-10-07,1501.25
2019-10-08,1505.85
2019-10-09,1507.25
2019-10-10,1494.8
2019-10-11,1479.15
2019-10-12,1479.15
2019-10-13,1479.15
2019-10-14,1490.6
2019-10-15,1487.8
2019-10-16,1485.1
2019-10-17,1492.65
2019-10-18,1490.0
2019-10-19,1490.0
2019-10-20,1490.0
2019-10-21,1491.65
2019-10-22,1485.35
2019-10-23,1494.45
2019-10-24,1496.55
2019-10-25,1513.45
2019-10-26,1513.45
2019-10-27,1513.45
2019-10-28,1492.4
2019-10-29,1486.75
2019-10-30,1492.1
2019-10-31,1510.95
2019-11-01,1508.8
2019-11-02,1508.8
2019-11-03,1508.8
2019-11-04,1509.45
2019-11-05,1488.95
2019-11-06,1486.05
2019-11-07,1484.25
2019-11-08,1464.15
2019-11-09,1464.15
2019-11-10,1464.15
2019-11-11,1458.7
2019-11-12,1452.05
2019-11-13,1462.9
2019-11-14,1466.65
2019-11-15,1466.9
2019-11-16,1466.9
2019-11-17,1466.9
2019-11-18,1467.65
2019-11-19,1468.45
2019-11-20,1471.7
2019-11-21,1467.05
2019-11-22,1464.45
2019-11-23,1464.45
2019-11-24,1464.45
2019-11-25,1458.4
2019-11-26,1454.65
2019-11-27,1454.35
2019-11-28,1454.65
2019-11-29,1460.15
2019-11-30,1460.15
2019-12-01,1460.15
2019-12-02,1461.15
2019-12-03,1477.3
2019-12-04,1475.1
2019-12-05,1475.95
2019-12-06,1459.65
2019-12-07,1459.65
2019-12-08,1459.65
2019-12-09,1461.7
2019-12-10,1464.95
2019-12-11,1466.8
2019-12-12,1467.8
2019-12-13,1466.6
2019-12-14,1466.6
2019-12-15,1466.6
2019-12-16,1477.9
2019-12-17,1475.8
2019-12-18,1474.05
2019-12-19,1476.7
2019-12-20,1479.0
2019-12-21,1479.0
2019-12-22,1479.0
2019-12-23,1482.1
2019-12-24,1479.4
2019-12-25,1479.4
2019-12-26,1479.4
2019-12-27,1511.5
2019-12-28,1511.5
2019-12-29,1511.5
2019-12-30,1514.75
2019-12-31,1497.075
2020-01-01,1497.075
2020-01-02,1527.1
2020-01-03,1548.75
2020-01-04,1548.75
2020-01-05,1548.75
2020-01-06,1573.1
2020-01-07,1567.85
2020-01-08,1571.95
2020-01-09,1550.75
2020-01-10,1553.6
2020-01-11,1553.6
2020-01-12,1553.6
2020-01-13,1549.9
2020-01-14,1545.1
2020-01-15,1549.0
2020-01-16,1554.55
2020-01-17,1557.6
2020-01-18,1557.6
2020-01-19,1557.6
2020-01-20,1560.15
2020-01-21,1551.3
2020-01-22,1556.9
2020-01-23,1562.9
2020-01-24,1564.3
2020-01-25,1564.3
2020-01-26,1564.3
2020-01-27,1580.1
2020-01-28,1574.0
2020-01-29,1573.45
2020-01-30,1578.25
2020-01-31,1584.2
2020-02-01,1584.2
2020-02-02,1584.2
2020-02-03,1574.75
2020-02-04,1558.35
2020-02-05,1553.3
2020-02-06,1563.3
2020-02-07,1572.65
2020-02-08,1572.65
2020-02-09,1572.65
2020-02-10,1573.2
2020-02-11,1570.5
2020-02-12,1563.7
2020-02-13,1575.05
2020-02-14,1581.4
2020-02-15,1581.4
2020-02-16,1581.4
2020-02-17,1580.8
2020-02-18,1589.85
2020-02-19,1604.2
2020-02-20,1619.0
2020-02-21,1643.3
2020-02-22,1643.3
2020-02-23,1643.3
2020-02-24,1671.65
2020-02-25,1650.3
2020-02-26,1634.9
2020-02-27,1652.0
2020-02-28,1609.85
2020-02-29,1609.85
2020-03-01,1609.85
2020-03-02,1599.65
2020-03-03,1615.5
2020-03-04,1641.85
2020-03-05,1659.6
2020-03-06,1683.65
2020-03-07,1683.65
2020-03-08,1683.65
2020-03-09,1672.5
2020-03-10,1655.7
2020-03-11,1653.75
2020-03-12,1570.7
2020-03-13,1562.8
2020-03-14,1562.8
2020-03-15,1562.8
2020-03-16,1487.7
2020-03-17,1536.2
2020-03-18,1498.2
2020-03-19,1474.25
2020-03-20,1494.4
2020-03-21,1494.4
2020-03-22,1494.4
2020-03-23,1525.4
2020-03-24,1605.75
2020-03-25,1605.45
2020-03-26,1634.8
2020-03-27,1617.3
2020-03-28,1617.3
2020-03-29,1617.3
2020-03-30,1618.3
2020-03-31,1608.95
2020-04-01,1576.55
2020-04-02,1616.8
2020-04-03,1613.1
2020-04-04,1613.1
2020-04-05,1613.1
2020-04-06,1648.3
2020-04-07,1649.25
2020-04-08,1647.8
2020-04-09,1680.65
2020-04-10,1680.65
2020-04-11,1680.65
2020-04-12,1680.65
2020-04-13,1680.65
2020-04-14,1741.9
2020-04-15,1718.65
2020-04-16,1729.5
2020-04-17,1692.55
2020-04-18,1692.55
2020-04-19,1692.55
2020-04-20,1686.2
2020-04-21,1682.05
2020-04-22,1710.55
2020-04-23,1736.25
2020-04-24,1715.9
2020-04-25,1715.9
2020-04-26,1715.9
2020-04-27,1714.95
2020-04-28,1691.55
2020-04-29,1703.35
2020-04-30,1702.75
2020-05-01,1686.25
2020-05-02,1686.25
2020-05-03,1686.25
2020-05-04,1709.1
2020-05-05,1699.55
2020-05-06,1691.5
2020-05-07,1704.05
2020-05-08,1704.05
2020-05-09,1704.05
2020-05-10,1704.05
2020-05-11,1702.75
2020-05-12,1702.4
2020-05-13,1708.4
2020-05-14,1731.6
2020-05-15,1735.35
2020-05-16,1735.35
2020-05-17,1735.35
2020-05-18,1734.7
2020-05-19,1737.95
2020-05-20,1748.3
2020-05-21,1724.9
2020-05-22,1733.55
2020-05-23,1733.55
2020-05-24,1733.55
2020-05-25,1733.55
2020-05-26,1720.25
2020-05-27,1694.6
2020-05-28,1717.35
2020-05-29,1728.7
2020-05-30,1728.7
2020-05-31,1728.7
2020-06-01,1730.6
2020-06-02,1742.15
2020-06-03,1705.35
2020-06-04,1700.05
2020-06-05,1683.45
2020-06-06,1683.45
2020-06-07,1683.45
2020-06-08,1690.35
2020-06-09,1713.5
2020-06-10,1722.05
2020-06-11,1738.25
2020-06-12,1733.5
2020-06-13,1733.5
2020-06-14,1733.5
2020-06-15,1710.45
2020-06-16,1719.85
2020-06-17,1724.35
2020-06-18,1719.5
2020-06-19,1734.75
2020-06-20,1734.75
2020-06-21,1734.75
2020-06-22,1761.85
2020-06-23,1768.9
2020-06-24,1766.05
2020-06-25,1756.55
2020-06-26,1747.6
2020-06-27,1747.6
2020-06-28,1747.6
2020-06-29,1771.6
2020-06-30,1768.1
2020-07-01,1771.05
2020-07-02,1777.45
2020-07-03,1772.9
2020-07-04,1772.9
2020-07-05,1772.9
2020-07-06,1787.9
2020-07-07,1789.55
2020-07-08,1811.1
2020-07-09,1812.1
2020-07-10,1803.1
2020-07-11,1803.1
2020-07-12,1803.1
2020-07-13,1807.5
2020-07-14,1801.9
2020-07-15,1804.6
2020-07-16,1807.7
2020-07-17,1807.35
2020-07-18,1807.35
2020-07-19,1807.35
2020-07-20,1815.65
2020-07-21,1842.55
2020-07-22,1852.4
2020-07-23,1878.3
2020-07-24,1902.1
2020-07-25,1902.1
2020-07-26,1902.1
2020-07-27,1936.65
2020-07-28,1940.9
2020-07-29,1950.9
2020-07-30,1957.65
2020-07-31,1964.9
2020-08-01,1964.9
2020-08-02,1964.9
2020-08-03,1958.55
2020-08-04,1977.9
2020-08-05,2048.15
2020-08-06,2067.15
2020-08-07,2031.15
2020-08-08,2031.15
2020-08-09,2031.15
2020-08-10,2044.5
2020-08-11,1939.65
2020-08-12,1931.9
2020-08-13,1944.25
2020-08-14,1944.75
2020-08-15,1944.75
2020-08-16,1944.75
2020-08-17,1972.85
2020-08-18,2008.75
2020-08-19,1981.0
2020-08-20,1927.15
2020-08-21,1924.35
2020-08-22,1924.35
2020-08-23,1924.35
2020-08-24,1943.95
2020-08-25,1911.15
2020-08-26,1932.95
2020-08-27,1923.85
2020-08-28,1957.35
2020-08-29,1957.35
2020-08-30,1957.35
2020-08-31,1957.35
2020-09-01,1972.35
2020-09-02,1947.05
2020-09-03,1940.45
2020-09-04,1926.3
2020-09-05,1926.3
2020-09-06,1926.3
2020-09-07,1928.45
2020-09-08,1910.95
2020-09-09,1947.2
2020-09-10,1966.25
2020-09-11,1947.4
2020-09-12,1947.4
2020-09-13,1947.4
2020-09-14,1958.7
2020-09-15,1949.35
2020-09-16,1961.8
2020-09-17,1936.25
2020-09-18,1950.85
2020-09-19,1950.85
2020-09-20,1950.85
2020-09-21,1909.35
2020-09-22,1906.0
2020-09-23,1873.4
2020-09-24,1861.75
2020-09-25,1859.7
2020-09-26,1859.7
2020-09-27,1859.7
2020-09-28,1864.3
2020-09-29,1883.95
2020-09-30,1886.9
2020-10-01,1902.0
2020-10-02,1903.05
2020-10-03,1903.05
2020-10-04,1903.05
2020-10-05,1909.6
2020-10-06,1913.4
2020-10-07,1884.5
2020-10-08,1887.45
2020-10-09,1923.25
2020-10-10,1923.25
2020-10-11,1923.25
2020-10-12,1925.5
2020-10-13,1891.3
2020-10-14,1910.05
2020-10-15,1891.9
2020-10-16,1905.05
2020-10-17,1905.05
2020-10-18,1905.05
2020-10-19,1905.6
2020-10-20,1898.4
2020-10-21,1924.15
2020-10-22,1900.95
2020-10-23,1903.65
2020-10-24,1903.65
2020-10-25,1903.65
2020-10-26,1898.45
2020-10-27,1905.7
2020-10-28,1869.95
2020-10-29,1870.3
2020-10-30,1881.85
2020-10-31,1881.85
2020-11-01,1881.85
2020-11-02,1889.9
2020-11-03,1908.3
2020-11-04,1900.15
2020-11-05,1938.45
2020-11-06,1940.8
2020-11-07,1940.8
2020-11-08,1940.8
2020-11-09,1867.3
2020-11-10,1878.7
2020-11-11,1860.95
2020-11-12,1874.85
2020-11-13,1890.9
2020-11-14,1890.9
2020-11-15,1890.9
2020-11-16,1885.6
2020-11-17,1889.05
2020-11-18,1876.1
2020-11-19,1857.35
2020-11-20,1875.7
2020-11-21,1875.7
2020-11-22,1875.7
2020-11-23,1840.2
2020-11-24,1799.6
2020-11-25,1810.2
2020-11-26,1807.4
2020-11-27,1779.3
2020-11-28,1779.3
2020-11-29,1779.3
2020-11-30,1762.55
2020-12-01,1810.75
2020-12-02,1822.6
2020-12-03,1832.35
2020-12-04,1843.0
2020-12-05,1843.0
2020-12-06,1843.0
2020-12-07,1859.95
2020-12-08,1868.15
2020-12-09,1841.75
2020-12-10,1844.35
2020-12-11,1842.0
2020-12-12,1842.0
2020-12-13,1842.0
2020-12-14,1831.15
2020-12-15,1850.65
2020-12-16,1851.95
2020-12-17,1890.75
2020-12-18,1879.75
2020-12-19,1879.75
2020-12-20,1879.75
2020-12-21,1880.0
2020-12-22,1877.1
2020-12-23,1875.0
2020-12-24,1877.5
2020-12-25,1877.5
2020-12-26,1877.5
2020-12-27,1877.5
2020-12-28,1877.5
2020-12-29,1874.3
2020-12-30,1887.6
2020-12-31,1882.55
2021-01-01,1882.55
2021-01-02,1882.55
2021-01-03,1882.55
2021-01-04,1943.2
2021-01-05,1940.35
2021-01-06,1931.95
2021-01-07,1920.1
2021-01-08,1862.9
2021-01-09,1862.9
2021-01-10,1862.9
2021-01-11,1847.25
2021-01-12,1841.25
2021-01-13,1858.85
2021-01-14,1841.75
2021-01-15,1839.0
2021-01-16,1839.0
2021-01-17,1839.0
2021-01-18,1833.05
2021-01-19,1834.7
2021-01-20,1856.6
2021-01-21,1862.1
2021-01-22,1852.7
2021-01-23,1852.7
2021-01-24,1852.7
2021-01-25,1856.85
2021-01-26,1856.6
2021-01-27,1843.0
2021-01-28,1853.7
2021-01-29,1863.8
2021-01-30,1863.8
2021-01-31,1863.8
2021-02-01,1862.95
2021-02-02,1833.1
2021-02-03,1835.45
2021-02-04,1785.9
2021-02-05,1802.95
2021-02-06,1802.95
2021-02-07,1802.95
2021-02-08,1835.25
2021-02-09,1839.6
2021-02-10,1842.65
2021-02-11,1840.1
2021-02-12,1816.35
2021-02-13,1816.35
2021-02-14,1816.35
2021-02-15,1817.3
2021-02-16,1794.25
2021-02-17,1780.7
2021-02-18,1773.15
2021-02-19,1786.2
2021-02-20,1786.2
2021-02-21,1786.2
2021-02-22,1807.45
2021-02-23,1799.65
2021-02-24,1788.0
2021-02-25,1779.65
2021-02-26,1742.85
2021-02-27,1742.85
2021-02-28,1742.85
2021-03-01,1734.15
2021-03-02,1723.85
2021-03-03,1711.4
2021-03-04,1712.1
2021-03-05,1696.25
2021-03-06,1696.25
2021-03-07,1696.25
2021-03-08,1687.05
2021-03-09,1716.9
2021-03-10,1716.2
2021-03-11,1724.25
2021-03-12,1704.8
2021-03-13,1704.8
2021-03-14,1704.8
2021-03-15,1723.65
2021-03-16,1735.0
2021-03-17,1729.65
2021-03-18,1725.9
2021-03-19,1735.2
2021-03-20,1735.2
2021-03-21,1735.2
2021-03-22,1736.15
2021-03-23,1726.2
2021-03-24,1730.5
2021-03-25,1737.3
2021-03-26,1731.8
2021-03-27,1731.8
2021-03-28,1731.8
2021-03-29,1705.95
2021-03-30,1683.95
2021-03-31,1691.05
2021-04-01,1726.05
2021-04-02,1726.05
2021-04-03,1726.05
2021-04-04,1726.05
2021-04-05,1726.05
2021-04-06,1744.65
2021-04-07,1738.05
2021-04-08,1755.5
2021-04-09,1741.2
2021-04-10,1741.2
2021-04-11,1741.2
2021-04-12,1732.85
2021-04-13,1747.95
2021-04-14,1735.55
2021-04-15,1757.2
2021-04-16,1774.45
2021-04-17,1774.45
2021-04-18,1774.45
2021-04-19,1774.5
2021-04-20,1777.85
2021-04-21,1798.2
2021-04-22,1787.75
2021-04-23,1781.8
2021-04-24,1781.8
2021-04-25,1781.8
2021-04-26,1773.35
2021-04-27,1784.15
2021-04-28,1772.2
2021-04-29,1762.65
2021-04-30,1767.65
2021-05-01,1767.65
2021-05-02,1767.65
2021-05-03,1767.65
2021-05-04,1797.75
2021-05-05,1782.25
2021-05-06,1813.15
2021-05-07,1836.55
2021-05-08,1836.55
2021-05-09,1836.55
2021-05-10,1840.45
2021-05-11,1829.1
2021-05-12,1830.7
2021-05-13,1821.8
2021-05-14,1838.1
2021-05-15,1838.1
2021-05-16,1838.1
2021-05-17,1853.7
2021-05-18,1866.75
2021-05-19,1888.45
2021-05-20,1878.3
2021-05-21,1875.9
2021-05-22,1875.9
2021-05-23,1875.9
2021-05-24,1880.15
2021-05-25,1887.0
2021-05-26,1899.75
2021-05-27,1891.45
2021-05-28,1899.95
2021-05-29,1899.95
2021-05-30,1899.95
2021-05-31,1899.95
2021-06-01,1899.35
2021-06-02,1902.75
2021-06-03,1866.55
2021-06-04,1890.6
2021-06-05,1890.6
2021-06-06,1890.6
2021-06-07,1888.4
2021-06-08,1893.15
2021-06-09,1894.6
2021-06-10,1888.65
2021-06-11,1881.05
2021-06-12,1881.05
2021-06-13,1881.05
2021-06-14,1865.6
2021-06-15,1865.1
2021-06-16,1860.75
2021-06-17,1778.7
2021-06-18,1773.1
2021-06-19,1773.1
2021-06-20,1773.1
2021-06-21,1775.05
2021-06-22,1775.05
2021-06-23,1791.6
2021-06-24,1784.85
2021-06-25,1786.65
2021-06-26,1786.65
2021-06-27,1786.65
2021-06-28,1780.3
2021-06-29,1755.45
2021-06-30,1763.15
2021-07-01,1781.5
2021-07-02,1786.15
2021-07-03,1786.15
2021-07-04,1786.15
2021-07-05,1791.35
2021-07-06,1809.85
2021-07-07,1804.65
2021-07-08,1807.7
2021-07-09,1806.0
2021-07-10,1806.0
2021-07-11,1806.0
2021-07-12,1792.4
2021-07-13,1813.85
2021-07-14,1823.2
2021-07-15,1823.75
2021-07-16,1824.3
2021-07-17,1824.3
2021-07-18,1824.3
2021-07-19,1814.9
2021-07-20,1823.05
2021-07-21,1802.15
2021-07-22,1799.45
2021-07-23,1799.6
2021-07-24,1799.6
2021-07-25,1799.6
2021-07-26,1800.2
2021-07-27,1800.35
2021-07-28,1796.6
2021-07-29,1829.3
2021-07-30,1825.75
2021-07-31,1825.75
2021-08-01,1825.75
2021-08-02,1811.45
2021-08-03,1812.65
2021-08-04,1829.1
2021-08-05,1800.75
2021-08-06,1762.9
2021-08-07,1762.9
2021-08-08,1762.9
2021-08-09,1738.85
2021-08-10,1723.35
2021-08-11,1743.6
2021-08-12,1747.4
2021-08-13,1773.85
2021-08-14,1773.85
2021-08-15,1773.85
2021-08-16,1786.35
2021-08-17,1789.45
2021-08-18,1783.45
2021-08-19,1782.05
2021-08-20,1779.05
2021-08-21,1779.05
2021-08-22,1779.05
2021-08-23,1802.0
2021-08-24,1808.45
2021-08-25,1788.7
2021-08-26,1786.6
2021-08-27,1798.5
2021-08-28,1798.5
2021-08-29,1798.5
2021-08-30,1798.5
2021-08-31,1814.85
2021-09-01,1811.8
2021-09-02,1812.55
2021-09-03,1823.7
2021-09-04,1823.7
2021-09-05,1823.7
2021-09-06,1821.6
2021-09-07,1802.15
2021-09-08,1786.0
2021-09-09,1788.25
2021-09-10,1794.6
